phase,recording_id,snapshot_id,source_line,timestamp_us,repeat,block,input_sha256,prompt_sha256,requested_model,returned_model,action,reason,success,error_category,error,http_status,decision_latency_s,request_duration_s
warmup,S3,replay-8f9030f65696dfa3909274bb:22,43,13768366682,0,1,e5d9e0f1033a30c41e2f8e2d66cdab4930f05651d2dba155fbd4ddac4c789d75,d09e05856c350cf91c694170c67f8bd8612ee73a389a6e82352bcb534aca3c7d,qwen2.5:7b,qwen2.5:7b,ENGAGE,"The person is in the interaction range with sustained attention and the robot is stationary, justifying an immediate interaction.",True,,,,8.041403875002288,8.040100040991092
smoke,S3,replay-8f9030f65696dfa3909274bb:22,43,13768366682,0,1,e5d9e0f1033a30c41e2f8e2d66cdab4930f05651d2dba155fbd4ddac4c789d75,d09e05856c350cf91c694170c67f8bd8612ee73a389a6e82352bcb534aca3c7d,qwen2.5:7b,qwen2.5:7b,ENGAGE,"The person is in the interaction range with sustained attention, and the distance is stable and within the interaction range. Engaging with a greeting is appropriate.",True,,,,1.1246782090020133,1.1242177090025507
smoke,S3,replay-8f9030f65696dfa3909274bb:31,61,13769272793,0,1,22b840f698bd24d66021f6b231c5d30fb721977714d6ab5583d7ec347f0d4b3f,1a5feb2e570dce9879ff784736f6629dc6d0087d520250a867f9c88fbdb5dc91,qwen2.5:7b,qwen2.5:7b,ENGAGE,"The person is in the INTERACTION_RANGE with SUSTAINED attention and the robot is stationary, justifying an immediate interaction.",True,,,,2.524833832998411,2.52441904200532
smoke,S3,replay-8f9030f65696dfa3909274bb:42,83,13770342576,0,1,1f5cd1394a39599848ab3d1c082e7c8ffe295eef023c5fbccdae019f545add32,06fbb7ea83013f9bc71f49d69e3e744bbb39db7a5dc71312f22c86c1e8807465,qwen2.5:7b,qwen2.5:7b,ENGAGE,SUSTAINED gaze in INTERACTION_RANGE supports immediate interaction.,True,,,,2.001812583010178,2.0014042080001673
warmup,S3,replay-8f9030f65696dfa3909274bb:22,43,13768366682,0,2,e5d9e0f1033a30c41e2f8e2d66cdab4930f05651d2dba155fbd4ddac4c789d75,d09e05856c350cf91c694170c67f8bd8612ee73a389a6e82352bcb534aca3c7d,qwen3:4b-instruct-2507-q4_K_M,qwen3:4b-instruct-2507-q4_K_M,ENGAGE,"The person is in INTERACTION_RANGE with a SUSTAINED gaze state and valid distance evidence (latest_distance_m: 1.37m, distance_zone: INTERACTION_RANGE), latest_gaze_looking is true, and sustained_gaze_s is 1.996s, which meets the config.min_sustained_run_s (0.4s) and gaze_fraction (1.0) thresholds. Since the robot is stationary and the human is stationary with no motion, and the interaction range is already reached, ENGAGE is justified as an immediate interaction without movement.",True,,,,6.324602374996175,6.324189334001858
smoke,S3,replay-8f9030f65696dfa3909274bb:22,43,13768366682,0,2,e5d9e0f1033a30c41e2f8e2d66cdab4930f05651d2dba155fbd4ddac4c789d75,d09e05856c350cf91c694170c67f8bd8612ee73a389a6e82352bcb534aca3c7d,qwen3:4b-instruct-2507-q4_K_M,qwen3:4b-instruct-2507-q4_K_M,ENGAGE,"The person is in INTERACTION_RANGE with a SUSTAINED gaze state and valid distance evidence (latest_distance_m: 1.37m, distance_zone: INTERACTION_RANGE), latest_gaze_looking is true, and sustained_gaze_s is 1.996s, which meets the config.min_sustained_run_s (0.4s) and gaze_fraction (1.0) thresholds. Since the robot is stationary and the human is stationary with no motion, and the interaction range is already reached, ENGAGE is justified as an immediate interaction without movement.",True,,,,2.1399127909971867,2.1395159169915132
smoke,S3,replay-8f9030f65696dfa3909274bb:31,61,13769272793,0,2,22b840f698bd24d66021f6b231c5d30fb721977714d6ab5583d7ec347f0d4b3f,1a5feb2e570dce9879ff784736f6629dc6d0087d520250a867f9c88fbdb5dc91,qwen3:4b-instruct-2507-q4_K_M,qwen3:4b-instruct-2507-q4_K_M,ENGAGE,"The person is in INTERACTION_RANGE with a SUSTAINED gaze state and valid distance evidence, indicating justified interaction. The robot is stationary, the gaze is sustained and continuous, and the distance is within conversation range, supporting an immediate greeting without movement.",True,,,,1.9522151670098538,1.951827625001897
smoke,S3,replay-8f9030f65696dfa3909274bb:42,83,13770342576,0,2,1f5cd1394a39599848ab3d1c082e7c8ffe295eef023c5fbccdae019f545add32,06fbb7ea83013f9bc71f49d69e3e744bbb39db7a5dc71312f22c86c1e8807465,qwen3:4b-instruct-2507-q4_K_M,qwen3:4b-instruct-2507-q4_K_M,ENGAGE,"The person is in INTERACTION_RANGE with a SUSTAINED gaze state and valid latest gaze looking, meeting the criteria for ENGAGE. The distance zone is INTERACTION_RANGE, which is already within conversation range, and sustained attention supports initiating an interaction without moving closer.",True,,,,1.8694178750010906,1.8690263749886071
warmup,S3,replay-8f9030f65696dfa3909274bb:22,43,13768366682,1,3,e5d9e0f1033a30c41e2f8e2d66cdab4930f05651d2dba155fbd4ddac4c789d75,d09e05856c350cf91c694170c67f8bd8612ee73a389a6e82352bcb534aca3c7d,qwen2.5:7b,qwen2.5:7b,ENGAGE,"The person is in the interaction range with sustained attention and the robot is stationary, justifying an immediate interaction.",True,,,,7.6087722910015145,7.608359082994866
measured,S3,replay-8f9030f65696dfa3909274bb:22,43,13768366682,1,3,e5d9e0f1033a30c41e2f8e2d66cdab4930f05651d2dba155fbd4ddac4c789d75,d09e05856c350cf91c694170c67f8bd8612ee73a389a6e82352bcb534aca3c7d,qwen2.5:7b,qwen2.5:7b,ENGAGE,"The person is in the interaction range with sustained attention, and the distance is stable and within the interaction range. Engaging with a greeting is appropriate.",True,,,,1.1299626249965513,1.129552207989036
measured,S3,replay-8f9030f65696dfa3909274bb:31,61,13769272793,1,3,22b840f698bd24d66021f6b231c5d30fb721977714d6ab5583d7ec347f0d4b3f,1a5feb2e570dce9879ff784736f6629dc6d0087d520250a867f9c88fbdb5dc91,qwen2.5:7b,qwen2.5:7b,ENGAGE,"The person is in the INTERACTION_RANGE with SUSTAINED attention and the robot is stationary, justifying an immediate interaction.",True,,,,2.52397787499649,2.5235721659992123
measured,S3,replay-8f9030f65696dfa3909274bb:42,83,13770342576,1,3,1f5cd1394a39599848ab3d1c082e7c8ffe295eef023c5fbccdae019f545add32,06fbb7ea83013f9bc71f49d69e3e744bbb39db7a5dc71312f22c86c1e8807465,qwen2.5:7b,qwen2.5:7b,ENGAGE,SUSTAINED gaze in INTERACTION_RANGE supports immediate interaction.,True,,,,2.002843499998562,2.002427915998851
measured,S3,replay-8f9030f65696dfa3909274bb:52,103,13771366722,1,3,1fc28f10812b6ddea110ad4a39d8f7208590a30390a10c68fee49a893ce1f797,0df789549368420fc110411ed2a61d8009fbf5bba1e80bacf9fef3bed3a662d8,qwen2.5:7b,qwen2.5:7b,CONTINUE,"The latest distance is 1.22 meters, which is within the interaction range, but the gaze state is INTERMITTENT and the looking time is brief. There is no confirmed interaction intent, and the robot is moving. Therefore, it is appropriate to continue along the existing route without approaching the person.",True,,,,4.241790959000355,4.241332375007914
measured,S3,replay-8f9030f65696dfa3909274bb:62,123,13772341895,1,3,ebb0b5dc1a1013391b4b57d2b0572f59cfba1fdb1043b29198e654fce7a53741,7832dbd32245eb4c4cbee46c44a5e5d58debba719f37879e4ddffd2bd7ec3ef1,qwen2.5:7b,qwen2.5:7b,ENGAGE,SUSTAINED gaze in INTERACTION_RANGE supports immediate interaction.,True,,,,2.0086420419975184,2.008152207999956
measured,S3,replay-8f9030f65696dfa3909274bb:72,143,13773368197,1,3,138fa9e8a1608d448c5e8272dc413ba4297b7b38556f173da6df603a434cb7f2,f939067df011ecda2aafdff690a4755cb6331c13eeed4c0902df1ee9133815c9,qwen2.5:7b,qwen2.5:7b,ENGAGE,SUSTAINED gaze in INTERACTION_RANGE supports immediate interaction.,True,,,,2.0777934579964494,2.077392790990416
measured,S3,replay-8f9030f65696dfa3909274bb:81,161,13774274561,1,3,dce8bfb6540fff6684a49b5179da537c2f34fc4ffdbebcc04c05d00abe861eca,f83ced89d782913f14814317edbb633dd3d2f42279e04709050d6126a2d8a5fe,qwen2.5:7b,qwen2.5:7b,ENGAGE,"The person is in the INTERACTION_RANGE with SUSTAINED attention and the latest_distance_m is 0.875m, which supports a nearby greeting.",True,,,,2.6445929169858573,2.644186207995517
measured,S3,replay-8f9030f65696dfa3909274bb:92,183,13775353739,1,3,7a35bd863d3acdb5a44ca64e63f945510ffbed82b4b63ad93d6eceb6593ca94f,65dfa0497780ee8b862b8c29162bde9abfd851307eacc8d801dd8d0a371cc061,qwen2.5:7b,qwen2.5:7b,ENGAGE,SUSTAINED gaze in INTERACTION_RANGE supports immediate interaction.,True,,,,1.8959938750049332,1.8955818749964237
measured,S3,replay-8f9030f65696dfa3909274bb:102,203,13776369449,1,3,e33a1a869596ebfa72a10841a019991343e2adb69665f2ecbd665338de0dbb4a,64ef91f9ae63c725e7fe28d72d68d798ba49432eb5a92e348a0c729d2ff0bd54,qwen2.5:7b,qwen2.5:7b,ENGAGE,"The person is in the INTERACTION_RANGE with SUSTAINED attention and the robot is moving at a low velocity, making it appropriate to stop and initiate an interaction.",True,,,,2.546779832991888,2.546402332998696
measured,S9,replay-f3f8a2043463495274336558:22,43,14473496205,1,3,c499b3d8c8ab4d06894459f7d2d70bbc135b133a271ff6a6753144e69116accf,859413bb5746012e48d5c22684616c605e8df64ff3f688af4c185354b09877fe,qwen2.5:7b,qwen2.5:7b,CONTINUE,"The person is in the APPROACHABLE distance zone, and the latest gaze is SUSTAINED, but the distance is outside the interaction range. The robot should continue along its existing route without approaching the person.",True,,,,2.75762020899856,2.7572093329945346
measured,S9,replay-f3f8a2043463495274336558:42,84,14475506113,1,3,c5934e59f206efa6d4ea0e7865dad4a69ed6275c20a7eca348edb087a55cca60,ccd9de9bf9d59decfd6c9cc637dda159d529ee786db0243d458db37fc663c2b9,qwen2.5:7b,qwen2.5:7b,CONTINUE,"The person is within APPROACHABLE distance, but the distance trend is STABLE and the latest gaze is INTERMITTENT. There is no evidence of a path conflict or a need to yield, so the robot should continue along its existing route.",True,,,,2.9976275420049205,2.9971963330026483
warmup,S3,replay-8f9030f65696dfa3909274bb:22,43,13768366682,1,4,e5d9e0f1033a30c41e2f8e2d66cdab4930f05651d2dba155fbd4ddac4c789d75,d09e05856c350cf91c694170c67f8bd8612ee73a389a6e82352bcb534aca3c7d,qwen3:4b-instruct-2507-q4_K_M,qwen3:4b-instruct-2507-q4_K_M,ENGAGE,"The person is in INTERACTION_RANGE with a SUSTAINED gaze state and valid distance evidence (latest_distance_m: 1.37m, distance_zone: INTERACTION_RANGE), latest_gaze_looking is true, and sustained_gaze_s is 1.996s, which meets the config.min_sustained_run_s (0.4s) and gaze_fraction (1.0) thresholds. Since the robot is stationary and the human is stationary with no motion, and the interaction range is already reached, ENGAGE is justified as an immediate interaction without movement.",True,,,,6.054287707986077,6.053880999999819
measured,S3,replay-8f9030f65696dfa3909274bb:22,43,13768366682,1,4,e5d9e0f1033a30c41e2f8e2d66cdab4930f05651d2dba155fbd4ddac4c789d75,d09e05856c350cf91c694170c67f8bd8612ee73a389a6e82352bcb534aca3c7d,qwen3:4b-instruct-2507-q4_K_M,qwen3:4b-instruct-2507-q4_K_M,ENGAGE,"The person is in INTERACTION_RANGE with a SUSTAINED gaze state and valid distance evidence (latest_distance_m: 1.37m, distance_zone: INTERACTION_RANGE), latest_gaze_looking is true, and sustained_gaze_s is 1.996s, which meets the config.min_sustained_run_s (0.4s) and gaze_fraction (1.0) thresholds. Since the robot is stationary and the human is stationary with no motion, and the interaction range is already reached, ENGAGE is justified as an immediate interaction without movement.",True,,,,2.13743687501119,2.1370403749897378
measured,S3,replay-8f9030f65696dfa3909274bb:31,61,13769272793,1,4,22b840f698bd24d66021f6b231c5d30fb721977714d6ab5583d7ec347f0d4b3f,1a5feb2e570dce9879ff784736f6629dc6d0087d520250a867f9c88fbdb5dc91,qwen3:4b-instruct-2507-q4_K_M,qwen3:4b-instruct-2507-q4_K_M,ENGAGE,"The person is in INTERACTION_RANGE with a SUSTAINED gaze state and valid distance evidence, indicating justified interaction. The robot is stationary, the gaze is sustained and continuous, and the distance is within conversation range, supporting an immediate greeting without movement.",True,,,,1.9510665830021026,1.950701082998421
measured,S3,replay-8f9030f65696dfa3909274bb:42,83,13770342576,1,4,1f5cd1394a39599848ab3d1c082e7c8ffe295eef023c5fbccdae019f545add32,06fbb7ea83013f9bc71f49d69e3e744bbb39db7a5dc71312f22c86c1e8807465,qwen3:4b-instruct-2507-q4_K_M,qwen3:4b-instruct-2507-q4_K_M,ENGAGE,"The person is in INTERACTION_RANGE with a SUSTAINED gaze state and valid latest gaze looking, meeting the criteria for ENGAGE. The distance zone is INTERACTION_RANGE, which is already within conversation range, and sustained attention supports initiating an interaction without moving closer.",True,,,,1.873360124998726,1.8729917080054292
measured,S3,replay-8f9030f65696dfa3909274bb:52,103,13771366722,1,4,1fc28f10812b6ddea110ad4a39d8f7208590a30390a10c68fee49a893ce1f797,0df789549368420fc110411ed2a61d8009fbf5bba1e80bacf9fef3bed3a662d8,qwen3:4b-instruct-2507-q4_K_M,qwen3:4b-instruct-2507-q4_K_M,ENGAGE,"The person is in INTERACTION_RANGE with a valid gaze state of INTERMITTENT, sustained gaze for 0.514 seconds, and latest gaze looking true, meeting the criteria for engagement. The distance zone is INTERACTION_RANGE, which supports ENGAGE as an immediate interaction without requiring movement closer. Valid gaze evidence and current visibility confirm the presence and attention of the person, justifying a greeting without pursuing further action.",True,,,,3.0609105000039563,3.060476500002551
measured,S3,replay-8f9030f65696dfa3909274bb:62,123,13772341895,1,4,ebb0b5dc1a1013391b4b57d2b0572f59cfba1fdb1043b29198e654fce7a53741,7832dbd32245eb4c4cbee46c44a5e5d58debba719f37879e4ddffd2bd7ec3ef1,qwen3:4b-instruct-2507-q4_K_M,qwen3:4b-instruct-2507-q4_K_M,ENGAGE,"The person is in INTERACTION_RANGE with a SUSTAINED gaze state and valid latest gaze looking, meeting the criteria for engagement. The distance zone is INTERACTION_RANGE, which supports ENGAGE as an immediate interaction without requiring movement closer. The sustained gaze and valid looking time confirm justified interaction intent.",True,,,,2.081496374987182,2.0811025830043945
measured,S3,replay-8f9030f65696dfa3909274bb:72,143,13773368197,1,4,138fa9e8a1608d448c5e8272dc413ba4297b7b38556f173da6df603a434cb7f2,f939067df011ecda2aafdff690a4755cb6331c13eeed4c0902df1ee9133815c9,qwen3:4b-instruct-2507-q4_K_M,qwen3:4b-instruct-2507-q4_K_M,ENGAGE,"The person is in INTERACTION_RANGE with a SUSTAINED gaze state and valid latest gaze looking, meeting the criteria for ENGAGE. The distance zone is INTERACTION_RANGE, which is already within conversation range, and sustained attention supports initiating a greeting without moving closer.",True,,,,1.9164270839974051,1.9160551669920096
measured,S3,replay-8f9030f65696dfa3909274bb:81,161,13774274561,1,4,dce8bfb6540fff6684a49b5179da537c2f34fc4ffdbebcc04c05d00abe861eca,f83ced89d782913f14814317edbb633dd3d2f42279e04709050d6126a2d8a5fe,qwen3:4b-instruct-2507-q4_K_M,qwen3:4b-instruct-2507-q4_K_M,ENGAGE,"The person is in INTERACTION_RANGE with a SUSTAINED gaze state and valid latest gaze looking, meeting the criteria for engagement. The distance zone is INTERACTION_RANGE, which supports ENGAGE as an immediate interaction without requiring movement closer. The sustained gaze and valid looking time confirm justified interaction intent.",True,,,,1.9706654169858666,1.9702872920024674
measured,S3,replay-8f9030f65696dfa3909274bb:92,183,13775353739,1,4,7a35bd863d3acdb5a44ca64e63f945510ffbed82b4b63ad93d6eceb6593ca94f,65dfa0497780ee8b862b8c29162bde9abfd851307eacc8d801dd8d0a371cc061,qwen3:4b-instruct-2507-q4_K_M,qwen3:4b-instruct-2507-q4_K_M,ENGAGE,"The person is in INTERACTION_RANGE with a SUSTAINED gaze state and valid latest gaze looking, indicating justified interaction. The distance zone is INTERACTION_RANGE, which supports ENGAGE as an immediate action without requiring movement closer. The sustained gaze and valid attention meet the criteria for engagement, and the robot is moving at a low velocity, allowing a stop to initiate a greeting.",True,,,,2.188506040998618,2.188128958005109
measured,S3,replay-8f9030f65696dfa3909274bb:102,203,13776369449,1,4,e33a1a869596ebfa72a10841a019991343e2adb69665f2ecbd665338de0dbb4a,64ef91f9ae63c725e7fe28d72d68d798ba49432eb5a92e348a0c729d2ff0bd54,qwen3:4b-instruct-2507-q4_K_M,qwen3:4b-instruct-2507-q4_K_M,ENGAGE,"The person is in INTERACTION_RANGE with a SUSTAINED gaze state and latest_gaze_looking is true, indicating sustained attention. The distance_zone is INTERACTION_RANGE, which is already within conversation range, supporting an immediate interaction. The gaze_fraction and sustained_gaze_s are both valid and above thresholds, and the robot is moving slowly (0.196 m/s), allowing a stop to initiate a greeting without requiring movement closer.",True,,,,2.4194772920018295,2.4191054999973858
measured,S9,replay-f3f8a2043463495274336558:22,43,14473496205,1,4,c499b3d8c8ab4d06894459f7d2d70bbc135b133a271ff6a6753144e69116accf,859413bb5746012e48d5c22684616c605e8df64ff3f688af4c185354b09877fe,qwen3:4b-instruct-2507-q4_K_M,qwen3:4b-instruct-2507-q4_K_M,ENGAGE,"The person is in INTERACTION_RANGE (distance_zone: INTERACTION_RANGE), with SUSTAINED gaze (gaze_state: SUSTAINED) and valid latest gaze looking (latest_gaze_looking: true) for the entire observation window (1.987s), meeting the sustained_enter threshold of 0.8. The robot is stationary, and the distance is stable, supporting an immediate interaction without requiring movement closer. ENGAGE is valid in this range as per decision guidance.",True,,,,2.579649833001895,2.57928258299944
measured,S9,replay-f3f8a2043463495274336558:42,84,14475506113,1,4,c5934e59f206efa6d4ea0e7865dad4a69ed6275c20a7eca348edb087a55cca60,ccd9de9bf9d59decfd6c9cc637dda159d529ee786db0243d458db37fc663c2b9,qwen3:4b-instruct-2507-q4_K_M,qwen3:4b-instruct-2507-q4_K_M,APPROACH,"The person is in the APPROACHABLE distance zone, with sustained gaze (gaze_state: SUSTAINED) and valid distance evidence (latest_distance_m: 1.735 m, distance_zone: APPROACHABLE). The gaze is sustained and looking is ongoing (latest_gaze_looking: true), meeting the criteria for interested attention. Although the distance is outside interaction range, APPROACH is justified in this zone as per configuration, and the robot is moving (linear_velocity: 0.115 m/s), so it must leave the route to approach. No path conflict or pass gesture is indicated, so YIELD is not required.",True,,,,3.2704267499939306,3.270047208003234
warmup,S3,replay-8f9030f65696dfa3909274bb:22,43,13768366682,2,5,e5d9e0f1033a30c41e2f8e2d66cdab4930f05651d2dba155fbd4ddac4c789d75,d09e05856c350cf91c694170c67f8bd8612ee73a389a6e82352bcb534aca3c7d,qwen3:4b-instruct-2507-q4_K_M,qwen3:4b-instruct-2507-q4_K_M,ENGAGE,"The person is in INTERACTION_RANGE with a SUSTAINED gaze state and valid distance evidence (latest_distance_m: 1.37m, distance_zone: INTERACTION_RANGE), latest_gaze_looking is true, and sustained_gaze_s is 1.996s, which meets the config.min_sustained_run_s (0.4s) and gaze_fraction (1.0) thresholds. Since the robot is stationary and the human is stationary with no motion, and the interaction range is already reached, ENGAGE is justified as an immediate interaction without movement.",True,,,,6.048766416992294,6.048314749990823
measured,S3,replay-8f9030f65696dfa3909274bb:22,43,13768366682,2,5,e5d9e0f1033a30c41e2f8e2d66cdab4930f05651d2dba155fbd4ddac4c789d75,d09e05856c350cf91c694170c67f8bd8612ee73a389a6e82352bcb534aca3c7d,qwen3:4b-instruct-2507-q4_K_M,qwen3:4b-instruct-2507-q4_K_M,ENGAGE,"The person is in INTERACTION_RANGE with a SUSTAINED gaze state and valid distance evidence (latest_distance_m: 1.37m, distance_zone: INTERACTION_RANGE), latest_gaze_looking is true, and sustained_gaze_s is 1.996s, which meets the config.min_sustained_run_s (0.4s) and gaze_fraction (1.0) thresholds. Since the robot is stationary and the human is stationary with no motion, and the interaction range is already reached, ENGAGE is justified as an immediate interaction without movement.",True,,,,2.1379739999974845,2.137591540988069
measured,S3,replay-8f9030f65696dfa3909274bb:31,61,13769272793,2,5,22b840f698bd24d66021f6b231c5d30fb721977714d6ab5583d7ec347f0d4b3f,1a5feb2e570dce9879ff784736f6629dc6d0087d520250a867f9c88fbdb5dc91,qwen3:4b-instruct-2507-q4_K_M,qwen3:4b-instruct-2507-q4_K_M,ENGAGE,"The person is in INTERACTION_RANGE with a SUSTAINED gaze state and valid distance evidence, indicating justified interaction. The robot is stationary, the gaze is sustained and continuous, and the distance is within conversation range, supporting an immediate greeting without movement.",True,,,,1.9565726659930078,1.9561982080049347
measured,S3,replay-8f9030f65696dfa3909274bb:42,83,13770342576,2,5,1f5cd1394a39599848ab3d1c082e7c8ffe295eef023c5fbccdae019f545add32,06fbb7ea83013f9bc71f49d69e3e744bbb39db7a5dc71312f22c86c1e8807465,qwen3:4b-instruct-2507-q4_K_M,qwen3:4b-instruct-2507-q4_K_M,ENGAGE,"The person is in INTERACTION_RANGE with a SUSTAINED gaze state and valid latest gaze looking, meeting the criteria for ENGAGE. The distance zone is INTERACTION_RANGE, which is already within conversation range, and sustained attention supports initiating an interaction without moving closer.",True,,,,1.8700059580005473,1.869623833001242
measured,S3,replay-8f9030f65696dfa3909274bb:52,103,13771366722,2,5,1fc28f10812b6ddea110ad4a39d8f7208590a30390a10c68fee49a893ce1f797,0df789549368420fc110411ed2a61d8009fbf5bba1e80bacf9fef3bed3a662d8,qwen3:4b-instruct-2507-q4_K_M,qwen3:4b-instruct-2507-q4_K_M,ENGAGE,"The person is in INTERACTION_RANGE with a valid gaze state of INTERMITTENT, sustained gaze for 0.514 seconds, and latest gaze looking true, meeting the criteria for engagement. The distance zone is INTERACTION_RANGE, which supports ENGAGE as an immediate interaction without requiring movement closer. Valid gaze evidence and current visibility confirm the presence and attention of the person, justifying a greeting without pursuing further action.",True,,,,3.0569270419946406,3.056518374985899
measured,S3,replay-8f9030f65696dfa3909274bb:62,123,13772341895,2,5,ebb0b5dc1a1013391b4b57d2b0572f59cfba1fdb1043b29198e654fce7a53741,7832dbd32245eb4c4cbee46c44a5e5d58debba719f37879e4ddffd2bd7ec3ef1,qwen3:4b-instruct-2507-q4_K_M,qwen3:4b-instruct-2507-q4_K_M,ENGAGE,"The person is in INTERACTION_RANGE with a SUSTAINED gaze state and valid latest gaze looking, meeting the criteria for engagement. The distance zone is INTERACTION_RANGE, which supports ENGAGE as an immediate interaction without requiring movement closer. The sustained gaze and valid looking time confirm justified interaction intent.",True,,,,2.08175683299487,2.081375334004406
measured,S3,replay-8f9030f65696dfa3909274bb:72,143,13773368197,2,5,138fa9e8a1608d448c5e8272dc413ba4297b7b38556f173da6df603a434cb7f2,f939067df011ecda2aafdff690a4755cb6331c13eeed4c0902df1ee9133815c9,qwen3:4b-instruct-2507-q4_K_M,qwen3:4b-instruct-2507-q4_K_M,ENGAGE,"The person is in INTERACTION_RANGE with a SUSTAINED gaze state and valid latest gaze looking, meeting the criteria for ENGAGE. The distance zone is INTERACTION_RANGE, which is already within conversation range, and sustained attention supports initiating a greeting without moving closer.",True,,,,1.9168951659958111,1.916520250000758
measured,S3,replay-8f9030f65696dfa3909274bb:81,161,13774274561,2,5,dce8bfb6540fff6684a49b5179da537c2f34fc4ffdbebcc04c05d00abe861eca,f83ced89d782913f14814317edbb633dd3d2f42279e04709050d6126a2d8a5fe,qwen3:4b-instruct-2507-q4_K_M,qwen3:4b-instruct-2507-q4_K_M,ENGAGE,"The person is in INTERACTION_RANGE with a SUSTAINED gaze state and valid latest gaze looking, meeting the criteria for engagement. The distance zone is INTERACTION_RANGE, which supports ENGAGE as an immediate interaction without requiring movement closer. The sustained gaze and valid looking time confirm justified interaction intent.",True,,,,1.9958435840089805,1.9954722499969648
measured,S3,replay-8f9030f65696dfa3909274bb:92,183,13775353739,2,5,7a35bd863d3acdb5a44ca64e63f945510ffbed82b4b63ad93d6eceb6593ca94f,65dfa0497780ee8b862b8c29162bde9abfd851307eacc8d801dd8d0a371cc061,qwen3:4b-instruct-2507-q4_K_M,qwen3:4b-instruct-2507-q4_K_M,ENGAGE,"The person is in INTERACTION_RANGE with a SUSTAINED gaze state and valid latest gaze looking, indicating justified interaction. The distance zone is INTERACTION_RANGE, which supports ENGAGE as an immediate action without requiring movement closer. The sustained gaze and valid attention meet the criteria for engagement, and the robot is moving at a low velocity, allowing a stop to initiate a greeting.",True,,,,2.194713542005047,2.1943500000052154
measured,S3,replay-8f9030f65696dfa3909274bb:102,203,13776369449,2,5,e33a1a869596ebfa72a10841a019991343e2adb69665f2ecbd665338de0dbb4a,64ef91f9ae63c725e7fe28d72d68d798ba49432eb5a92e348a0c729d2ff0bd54,qwen3:4b-instruct-2507-q4_K_M,qwen3:4b-instruct-2507-q4_K_M,ENGAGE,"The person is in INTERACTION_RANGE with a SUSTAINED gaze state and latest_gaze_looking is true, indicating sustained attention. The distance_zone is INTERACTION_RANGE, which is already within conversation range, supporting an immediate interaction. The gaze_fraction and sustained_gaze_s are both valid and above thresholds, and the robot is moving slowly (0.196 m/s), allowing a stop to initiate a greeting without requiring movement closer.",True,,,,2.433633667009417,2.433244833999197
measured,S9,replay-f3f8a2043463495274336558:22,43,14473496205,2,5,c499b3d8c8ab4d06894459f7d2d70bbc135b133a271ff6a6753144e69116accf,859413bb5746012e48d5c22684616c605e8df64ff3f688af4c185354b09877fe,qwen3:4b-instruct-2507-q4_K_M,qwen3:4b-instruct-2507-q4_K_M,ENGAGE,"The person is in INTERACTION_RANGE (distance_zone: INTERACTION_RANGE), with SUSTAINED gaze (gaze_state: SUSTAINED) and valid latest gaze looking (latest_gaze_looking: true) for the entire observation window (1.987s), meeting the sustained_enter threshold of 0.8. The robot is stationary, and the distance is stable, supporting an immediate interaction without requiring movement closer. ENGAGE is valid in this range as per decision guidance.",True,,,,2.580224624995026,2.5797907910018694
measured,S9,replay-f3f8a2043463495274336558:42,84,14475506113,2,5,c5934e59f206efa6d4ea0e7865dad4a69ed6275c20a7eca348edb087a55cca60,ccd9de9bf9d59decfd6c9cc637dda159d529ee786db0243d458db37fc663c2b9,qwen3:4b-instruct-2507-q4_K_M,qwen3:4b-instruct-2507-q4_K_M,APPROACH,"The person is in the APPROACHABLE distance zone, with sustained gaze (gaze_state: SUSTAINED) and valid distance evidence (latest_distance_m: 1.735 m, distance_zone: APPROACHABLE). The gaze is sustained and looking is ongoing (latest_gaze_looking: true), meeting the criteria for interested attention. Although the distance is outside interaction range, APPROACH is justified in this zone as per configuration, and the robot is moving (linear_velocity: 0.115 m/s), so it must leave the route to approach. No path conflict or pass gesture is indicated, so YIELD is not required.",True,,,,3.268371957994532,3.267995083006099
warmup,S3,replay-8f9030f65696dfa3909274bb:22,43,13768366682,2,6,e5d9e0f1033a30c41e2f8e2d66cdab4930f05651d2dba155fbd4ddac4c789d75,d09e05856c350cf91c694170c67f8bd8612ee73a389a6e82352bcb534aca3c7d,qwen2.5:7b,qwen2.5:7b,ENGAGE,"The person is in the interaction range with sustained attention and the robot is stationary, justifying an immediate interaction.",True,,,,7.634054499998456,7.633646874994156
measured,S3,replay-8f9030f65696dfa3909274bb:22,43,13768366682,2,6,e5d9e0f1033a30c41e2f8e2d66cdab4930f05651d2dba155fbd4ddac4c789d75,d09e05856c350cf91c694170c67f8bd8612ee73a389a6e82352bcb534aca3c7d,qwen2.5:7b,qwen2.5:7b,ENGAGE,"The person is in the interaction range with sustained attention, and the distance is stable and within the interaction range. Engaging with a greeting is appropriate.",True,,,,1.1271169590036152,1.1266943749942584
measured,S3,replay-8f9030f65696dfa3909274bb:31,61,13769272793,2,6,22b840f698bd24d66021f6b231c5d30fb721977714d6ab5583d7ec347f0d4b3f,1a5feb2e570dce9879ff784736f6629dc6d0087d520250a867f9c88fbdb5dc91,qwen2.5:7b,qwen2.5:7b,ENGAGE,"The person is in the INTERACTION_RANGE with SUSTAINED attention and the robot is stationary, justifying an immediate interaction.",True,,,,2.613326791994041,2.612913542005117
measured,S3,replay-8f9030f65696dfa3909274bb:42,83,13770342576,2,6,1f5cd1394a39599848ab3d1c082e7c8ffe295eef023c5fbccdae019f545add32,06fbb7ea83013f9bc71f49d69e3e744bbb39db7a5dc71312f22c86c1e8807465,qwen2.5:7b,qwen2.5:7b,ENGAGE,SUSTAINED gaze in INTERACTION_RANGE supports immediate interaction.,True,,,,2.0624081249989104,2.062008084001718
measured,S3,replay-8f9030f65696dfa3909274bb:52,103,13771366722,2,6,1fc28f10812b6ddea110ad4a39d8f7208590a30390a10c68fee49a893ce1f797,0df789549368420fc110411ed2a61d8009fbf5bba1e80bacf9fef3bed3a662d8,qwen2.5:7b,qwen2.5:7b,CONTINUE,"The latest distance is 1.22 meters, which is within the interaction range, but the gaze state is INTERMITTENT and the looking time is brief. There is no confirmed interaction intent, and the robot is moving. Therefore, it is appropriate to continue along the existing route without approaching the person.",True,,,,4.248501624999335,4.248102583005675
measured,S3,replay-8f9030f65696dfa3909274bb:62,123,13772341895,2,6,ebb0b5dc1a1013391b4b57d2b0572f59cfba1fdb1043b29198e654fce7a53741,7832dbd32245eb4c4cbee46c44a5e5d58debba719f37879e4ddffd2bd7ec3ef1,qwen2.5:7b,qwen2.5:7b,ENGAGE,SUSTAINED gaze in INTERACTION_RANGE supports immediate interaction.,True,,,,2.0039532919909107,2.0035462500090944
measured,S3,replay-8f9030f65696dfa3909274bb:72,143,13773368197,2,6,138fa9e8a1608d448c5e8272dc413ba4297b7b38556f173da6df603a434cb7f2,f939067df011ecda2aafdff690a4755cb6331c13eeed4c0902df1ee9133815c9,qwen2.5:7b,qwen2.5:7b,ENGAGE,SUSTAINED gaze in INTERACTION_RANGE supports immediate interaction.,True,,,,2.0813317080028355,2.0809248339937767
measured,S3,replay-8f9030f65696dfa3909274bb:81,161,13774274561,2,6,dce8bfb6540fff6684a49b5179da537c2f34fc4ffdbebcc04c05d00abe861eca,f83ced89d782913f14814317edbb633dd3d2f42279e04709050d6126a2d8a5fe,qwen2.5:7b,qwen2.5:7b,ENGAGE,"The person is in the INTERACTION_RANGE with SUSTAINED attention and the latest_distance_m is 0.875m, which supports a nearby greeting.",True,,,,2.6418572919938015,2.6414423329988495
measured,S3,replay-8f9030f65696dfa3909274bb:92,183,13775353739,2,6,7a35bd863d3acdb5a44ca64e63f945510ffbed82b4b63ad93d6eceb6593ca94f,65dfa0497780ee8b862b8c29162bde9abfd851307eacc8d801dd8d0a371cc061,qwen2.5:7b,qwen2.5:7b,ENGAGE,SUSTAINED gaze in INTERACTION_RANGE supports immediate interaction.,True,,,,1.9871788329910487,1.986689875004231
measured,S3,replay-8f9030f65696dfa3909274bb:102,203,13776369449,2,6,e33a1a869596ebfa72a10841a019991343e2adb69665f2ecbd665338de0dbb4a,64ef91f9ae63c725e7fe28d72d68d798ba49432eb5a92e348a0c729d2ff0bd54,qwen2.5:7b,qwen2.5:7b,ENGAGE,"The person is in the INTERACTION_RANGE with SUSTAINED attention and the robot is moving at a low velocity, making it appropriate to stop and initiate an interaction.",True,,,,2.5723498339939397,2.571959875000175
measured,S9,replay-f3f8a2043463495274336558:22,43,14473496205,2,6,c499b3d8c8ab4d06894459f7d2d70bbc135b133a271ff6a6753144e69116accf,859413bb5746012e48d5c22684616c605e8df64ff3f688af4c185354b09877fe,qwen2.5:7b,qwen2.5:7b,CONTINUE,"The person is in the APPROACHABLE distance zone, and the latest gaze is SUSTAINED, but the distance is outside the interaction range. The robot should continue along its existing route without approaching the person.",True,,,,2.757480875006877,2.757075291010551
measured,S9,replay-f3f8a2043463495274336558:42,84,14475506113,2,6,c5934e59f206efa6d4ea0e7865dad4a69ed6275c20a7eca348edb087a55cca60,ccd9de9bf9d59decfd6c9cc637dda159d529ee786db0243d458db37fc663c2b9,qwen2.5:7b,qwen2.5:7b,CONTINUE,"The person is within APPROACHABLE distance, but the distance trend is STABLE and the latest gaze is INTERMITTENT. There is no evidence of a path conflict or a need to yield, so the robot should continue along its existing route.",True,,,,3.002367207998759,3.0019545830000425
warmup,S3,replay-8f9030f65696dfa3909274bb:22,43,13768366682,3,7,e5d9e0f1033a30c41e2f8e2d66cdab4930f05651d2dba155fbd4ddac4c789d75,d09e05856c350cf91c694170c67f8bd8612ee73a389a6e82352bcb534aca3c7d,qwen2.5:7b,qwen2.5:7b,ENGAGE,"The person is in the interaction range with sustained attention and the robot is stationary, justifying an immediate interaction.",True,,,,7.635425000000396,7.635023166993051
measured,S3,replay-8f9030f65696dfa3909274bb:22,43,13768366682,3,7,e5d9e0f1033a30c41e2f8e2d66cdab4930f05651d2dba155fbd4ddac4c789d75,d09e05856c350cf91c694170c67f8bd8612ee73a389a6e82352bcb534aca3c7d,qwen2.5:7b,qwen2.5:7b,ENGAGE,"The person is in the interaction range with sustained attention, and the distance is stable and within the interaction range. Engaging with a greeting is appropriate.",True,,,,1.1250713750050636,1.124648791999789
measured,S3,replay-8f9030f65696dfa3909274bb:31,61,13769272793,3,7,22b840f698bd24d66021f6b231c5d30fb721977714d6ab5583d7ec347f0d4b3f,1a5feb2e570dce9879ff784736f6629dc6d0087d520250a867f9c88fbdb5dc91,qwen2.5:7b,qwen2.5:7b,ENGAGE,"The person is in the INTERACTION_RANGE with SUSTAINED attention and the robot is stationary, justifying an immediate interaction.",True,,,,2.5266059170098742,2.526208208000753
measured,S3,replay-8f9030f65696dfa3909274bb:42,83,13770342576,3,7,1f5cd1394a39599848ab3d1c082e7c8ffe295eef023c5fbccdae019f545add32,06fbb7ea83013f9bc71f49d69e3e744bbb39db7a5dc71312f22c86c1e8807465,qwen2.5:7b,qwen2.5:7b,ENGAGE,SUSTAINED gaze in INTERACTION_RANGE supports immediate interaction.,True,,,,2.02349087499897,2.0231289169896627
measured,S3,replay-8f9030f65696dfa3909274bb:52,103,13771366722,3,7,1fc28f10812b6ddea110ad4a39d8f7208590a30390a10c68fee49a893ce1f797,0df789549368420fc110411ed2a61d8009fbf5bba1e80bacf9fef3bed3a662d8,qwen2.5:7b,qwen2.5:7b,CONTINUE,"The latest distance is 1.22 meters, which is within the interaction range, but the gaze state is INTERMITTENT and the looking time is brief. There is no confirmed interaction intent, and the robot is moving. Therefore, it is appropriate to continue along the existing route without approaching the person.",True,,,,4.256060166997486,4.255596125003649
measured,S3,replay-8f9030f65696dfa3909274bb:62,123,13772341895,3,7,ebb0b5dc1a1013391b4b57d2b0572f59cfba1fdb1043b29198e654fce7a53741,7832dbd32245eb4c4cbee46c44a5e5d58debba719f37879e4ddffd2bd7ec3ef1,qwen2.5:7b,qwen2.5:7b,ENGAGE,SUSTAINED gaze in INTERACTION_RANGE supports immediate interaction.,True,,,,2.0079395420034416,2.0075307079969207
measured,S3,replay-8f9030f65696dfa3909274bb:72,143,13773368197,3,7,138fa9e8a1608d448c5e8272dc413ba4297b7b38556f173da6df603a434cb7f2,f939067df011ecda2aafdff690a4755cb6331c13eeed4c0902df1ee9133815c9,qwen2.5:7b,qwen2.5:7b,ENGAGE,SUSTAINED gaze in INTERACTION_RANGE supports immediate interaction.,True,,,,2.0855405000038445,2.085061334000784
measured,S3,replay-8f9030f65696dfa3909274bb:81,161,13774274561,3,7,dce8bfb6540fff6684a49b5179da537c2f34fc4ffdbebcc04c05d00abe861eca,f83ced89d782913f14814317edbb633dd3d2f42279e04709050d6126a2d8a5fe,qwen2.5:7b,qwen2.5:7b,ENGAGE,"The person is in the INTERACTION_RANGE with SUSTAINED attention and the latest_distance_m is 0.875m, which supports a nearby greeting.",True,,,,2.643604791999678,2.643190125003457
measured,S3,replay-8f9030f65696dfa3909274bb:92,183,13775353739,3,7,7a35bd863d3acdb5a44ca64e63f945510ffbed82b4b63ad93d6eceb6593ca94f,65dfa0497780ee8b862b8c29162bde9abfd851307eacc8d801dd8d0a371cc061,qwen2.5:7b,qwen2.5:7b,ENGAGE,SUSTAINED gaze in INTERACTION_RANGE supports immediate interaction.,True,,,,1.8962172909959918,1.8958088330109604
measured,S3,replay-8f9030f65696dfa3909274bb:102,203,13776369449,3,7,e33a1a869596ebfa72a10841a019991343e2adb69665f2ecbd665338de0dbb4a,64ef91f9ae63c725e7fe28d72d68d798ba49432eb5a92e348a0c729d2ff0bd54,qwen2.5:7b,qwen2.5:7b,ENGAGE,"The person is in the INTERACTION_RANGE with SUSTAINED attention and the robot is moving at a low velocity, making it appropriate to stop and initiate an interaction.",True,,,,2.5467979999957606,2.546390249990509
measured,S9,replay-f3f8a2043463495274336558:22,43,14473496205,3,7,c499b3d8c8ab4d06894459f7d2d70bbc135b133a271ff6a6753144e69116accf,859413bb5746012e48d5c22684616c605e8df64ff3f688af4c185354b09877fe,qwen2.5:7b,qwen2.5:7b,CONTINUE,"The person is in the APPROACHABLE distance zone, and the latest gaze is SUSTAINED, but the distance is outside the interaction range. The robot should continue along its existing route without approaching the person.",True,,,,2.7553950840083417,2.7549907909997273
measured,S9,replay-f3f8a2043463495274336558:42,84,14475506113,3,7,c5934e59f206efa6d4ea0e7865dad4a69ed6275c20a7eca348edb087a55cca60,ccd9de9bf9d59decfd6c9cc637dda159d529ee786db0243d458db37fc663c2b9,qwen2.5:7b,qwen2.5:7b,CONTINUE,"The person is within APPROACHABLE distance, but the distance trend is STABLE and the latest gaze is INTERMITTENT. There is no evidence of a path conflict or a need to yield, so the robot should continue along its existing route.",True,,,,3.0081727499928093,3.0077557919867104
warmup,S3,replay-8f9030f65696dfa3909274bb:22,43,13768366682,3,8,e5d9e0f1033a30c41e2f8e2d66cdab4930f05651d2dba155fbd4ddac4c789d75,d09e05856c350cf91c694170c67f8bd8612ee73a389a6e82352bcb534aca3c7d,qwen3:4b-instruct-2507-q4_K_M,qwen3:4b-instruct-2507-q4_K_M,ENGAGE,"The person is in INTERACTION_RANGE with a SUSTAINED gaze state and valid distance evidence (latest_distance_m: 1.37m, distance_zone: INTERACTION_RANGE), latest_gaze_looking is true, and sustained_gaze_s is 1.996s, which meets the config.min_sustained_run_s (0.4s) and gaze_fraction (1.0) thresholds. Since the robot is stationary and the human is stationary with no motion, and the interaction range is already reached, ENGAGE is justified as an immediate interaction without movement.",True,,,,7.0813117919897195,7.080894083002931
measured,S3,replay-8f9030f65696dfa3909274bb:22,43,13768366682,3,8,e5d9e0f1033a30c41e2f8e2d66cdab4930f05651d2dba155fbd4ddac4c789d75,d09e05856c350cf91c694170c67f8bd8612ee73a389a6e82352bcb534aca3c7d,qwen3:4b-instruct-2507-q4_K_M,qwen3:4b-instruct-2507-q4_K_M,ENGAGE,"The person is in INTERACTION_RANGE with a SUSTAINED gaze state and valid distance evidence (latest_distance_m: 1.37m, distance_zone: INTERACTION_RANGE), latest_gaze_looking is true, and sustained_gaze_s is 1.996s, which meets the config.min_sustained_run_s (0.4s) and gaze_fraction (1.0) thresholds. Since the robot is stationary and the human is stationary with no motion, and the interaction range is already reached, ENGAGE is justified as an immediate interaction without movement.",True,,,,2.1391948749951553,2.138800958011416
measured,S3,replay-8f9030f65696dfa3909274bb:31,61,13769272793,3,8,22b840f698bd24d66021f6b231c5d30fb721977714d6ab5583d7ec347f0d4b3f,1a5feb2e570dce9879ff784736f6629dc6d0087d520250a867f9c88fbdb5dc91,qwen3:4b-instruct-2507-q4_K_M,qwen3:4b-instruct-2507-q4_K_M,ENGAGE,"The person is in INTERACTION_RANGE with a SUSTAINED gaze state and valid distance evidence, indicating justified interaction. The robot is stationary, the gaze is sustained and continuous, and the distance is within conversation range, supporting an immediate greeting without movement.",True,,,,1.952950916995178,1.9525766670121811
measured,S3,replay-8f9030f65696dfa3909274bb:42,83,13770342576,3,8,1f5cd1394a39599848ab3d1c082e7c8ffe295eef023c5fbccdae019f545add32,06fbb7ea83013f9bc71f49d69e3e744bbb39db7a5dc71312f22c86c1e8807465,qwen3:4b-instruct-2507-q4_K_M,qwen3:4b-instruct-2507-q4_K_M,ENGAGE,"The person is in INTERACTION_RANGE with a SUSTAINED gaze state and valid latest gaze looking, meeting the criteria for ENGAGE. The distance zone is INTERACTION_RANGE, which is already within conversation range, and sustained attention supports initiating an interaction without moving closer.",True,,,,1.869057125004474,1.868673499993747
measured,S3,replay-8f9030f65696dfa3909274bb:52,103,13771366722,3,8,1fc28f10812b6ddea110ad4a39d8f7208590a30390a10c68fee49a893ce1f797,0df789549368420fc110411ed2a61d8009fbf5bba1e80bacf9fef3bed3a662d8,qwen3:4b-instruct-2507-q4_K_M,qwen3:4b-instruct-2507-q4_K_M,ENGAGE,"The person is in INTERACTION_RANGE with a valid gaze state of INTERMITTENT, sustained gaze for 0.514 seconds, and latest gaze looking true, meeting the criteria for engagement. The distance zone is INTERACTION_RANGE, which supports ENGAGE as an immediate interaction without requiring movement closer. Valid gaze evidence and current visibility confirm the presence and attention of the person, justifying a greeting without pursuing further action.",True,,,,3.059388541994849,3.0589067499968223
measured,S3,replay-8f9030f65696dfa3909274bb:62,123,13772341895,3,8,ebb0b5dc1a1013391b4b57d2b0572f59cfba1fdb1043b29198e654fce7a53741,7832dbd32245eb4c4cbee46c44a5e5d58debba719f37879e4ddffd2bd7ec3ef1,qwen3:4b-instruct-2507-q4_K_M,qwen3:4b-instruct-2507-q4_K_M,ENGAGE,"The person is in INTERACTION_RANGE with a SUSTAINED gaze state and valid latest gaze looking, meeting the criteria for engagement. The distance zone is INTERACTION_RANGE, which supports ENGAGE as an immediate interaction without requiring movement closer. The sustained gaze and valid looking time confirm justified interaction intent.",True,,,,2.0830662910011597,2.0826875420025317
measured,S3,replay-8f9030f65696dfa3909274bb:72,143,13773368197,3,8,138fa9e8a1608d448c5e8272dc413ba4297b7b38556f173da6df603a434cb7f2,f939067df011ecda2aafdff690a4755cb6331c13eeed4c0902df1ee9133815c9,qwen3:4b-instruct-2507-q4_K_M,qwen3:4b-instruct-2507-q4_K_M,ENGAGE,"The person is in INTERACTION_RANGE with a SUSTAINED gaze state and valid latest gaze looking, meeting the criteria for ENGAGE. The distance zone is INTERACTION_RANGE, which is already within conversation range, and sustained attention supports initiating a greeting without moving closer.",True,,,,1.9229904170060763,1.9226159999961965
measured,S3,replay-8f9030f65696dfa3909274bb:81,161,13774274561,3,8,dce8bfb6540fff6684a49b5179da537c2f34fc4ffdbebcc04c05d00abe861eca,f83ced89d782913f14814317edbb633dd3d2f42279e04709050d6126a2d8a5fe,qwen3:4b-instruct-2507-q4_K_M,qwen3:4b-instruct-2507-q4_K_M,ENGAGE,"The person is in INTERACTION_RANGE with a SUSTAINED gaze state and valid latest gaze looking, meeting the criteria for engagement. The distance zone is INTERACTION_RANGE, which supports ENGAGE as an immediate interaction without requiring movement closer. The sustained gaze and valid looking time confirm justified interaction intent.",True,,,,1.9685447919910075,1.9681635410088347
measured,S3,replay-8f9030f65696dfa3909274bb:92,183,13775353739,3,8,7a35bd863d3acdb5a44ca64e63f945510ffbed82b4b63ad93d6eceb6593ca94f,65dfa0497780ee8b862b8c29162bde9abfd851307eacc8d801dd8d0a371cc061,qwen3:4b-instruct-2507-q4_K_M,qwen3:4b-instruct-2507-q4_K_M,ENGAGE,"The person is in INTERACTION_RANGE with a SUSTAINED gaze state and valid latest gaze looking, indicating justified interaction. The distance zone is INTERACTION_RANGE, which supports ENGAGE as an immediate action without requiring movement closer. The sustained gaze and valid attention meet the criteria for engagement, and the robot is moving at a low velocity, allowing a stop to initiate a greeting.",True,,,,2.1889440000086324,2.1885743330058176
measured,S3,replay-8f9030f65696dfa3909274bb:102,203,13776369449,3,8,e33a1a869596ebfa72a10841a019991343e2adb69665f2ecbd665338de0dbb4a,64ef91f9ae63c725e7fe28d72d68d798ba49432eb5a92e348a0c729d2ff0bd54,qwen3:4b-instruct-2507-q4_K_M,qwen3:4b-instruct-2507-q4_K_M,ENGAGE,"The person is in INTERACTION_RANGE with a SUSTAINED gaze state and latest_gaze_looking is true, indicating sustained attention. The distance_zone is INTERACTION_RANGE, which is already within conversation range, supporting an immediate interaction. The gaze_fraction and sustained_gaze_s are both valid and above thresholds, and the robot is moving slowly (0.196 m/s), allowing a stop to initiate a greeting without requiring movement closer.",True,,,,2.427628374993219,2.4272428749973187
measured,S9,replay-f3f8a2043463495274336558:22,43,14473496205,3,8,c499b3d8c8ab4d06894459f7d2d70bbc135b133a271ff6a6753144e69116accf,859413bb5746012e48d5c22684616c605e8df64ff3f688af4c185354b09877fe,qwen3:4b-instruct-2507-q4_K_M,qwen3:4b-instruct-2507-q4_K_M,ENGAGE,"The person is in INTERACTION_RANGE (distance_zone: INTERACTION_RANGE), with SUSTAINED gaze (gaze_state: SUSTAINED) and valid latest gaze looking (latest_gaze_looking: true) for the entire observation window (1.987s), meeting the sustained_enter threshold of 0.8. The robot is stationary, and the distance is stable, supporting an immediate interaction without requiring movement closer. ENGAGE is valid in this range as per decision guidance.",True,,,,2.5762396670033922,2.575880333999521
measured,S9,replay-f3f8a2043463495274336558:42,84,14475506113,3,8,c5934e59f206efa6d4ea0e7865dad4a69ed6275c20a7eca348edb087a55cca60,ccd9de9bf9d59decfd6c9cc637dda159d529ee786db0243d458db37fc663c2b9,qwen3:4b-instruct-2507-q4_K_M,qwen3:4b-instruct-2507-q4_K_M,APPROACH,"The person is in the APPROACHABLE distance zone, with sustained gaze (gaze_state: SUSTAINED) and valid distance evidence (latest_distance_m: 1.735 m, distance_zone: APPROACHABLE). The gaze is sustained and looking is ongoing (latest_gaze_looking: true), meeting the criteria for interested attention. Although the distance is outside interaction range, APPROACH is justified in this zone as per configuration, and the robot is moving (linear_velocity: 0.115 m/s), so it must leave the route to approach. No path conflict or pass gesture is indicated, so YIELD is not required.",True,,,,3.282027207998908,3.281649540993385
