gaze,human_radial_motion,relative_trend,zone,path_relation,pass_gesture,action,reason
NONE,TOWARD,DECREASING,TOO_CLOSE,UNKNOWN,UNKNOWN,NOT_READY,PERSON_TOO_CLOSE
NONE,TOWARD,DECREASING,TOO_CLOSE,UNKNOWN,PASS,NOT_READY,PERSON_TOO_CLOSE
NONE,TOWARD,DECREASING,TOO_CLOSE,CLEAR,UNKNOWN,NOT_READY,PERSON_TOO_CLOSE
NONE,TOWARD,DECREASING,TOO_CLOSE,CLEAR,PASS,NOT_READY,PERSON_TOO_CLOSE
NONE,TOWARD,DECREASING,TOO_CLOSE,CONFLICT,UNKNOWN,YIELD,HUMAN_PATH_CONFLICT
NONE,TOWARD,DECREASING,TOO_CLOSE,CONFLICT,PASS,YIELD,HUMAN_PATH_CONFLICT
NONE,TOWARD,DECREASING,INTERACTION_RANGE,UNKNOWN,UNKNOWN,CONTINUE,NO_ATTENTION
NONE,TOWARD,DECREASING,INTERACTION_RANGE,UNKNOWN,PASS,CONTINUE,PASS_GESTURE
NONE,TOWARD,DECREASING,INTERACTION_RANGE,CLEAR,UNKNOWN,CONTINUE,NO_ATTENTION
NONE,TOWARD,DECREASING,INTERACTION_RANGE,CLEAR,PASS,CONTINUE,PASS_GESTURE
NONE,TOWARD,DECREASING,INTERACTION_RANGE,CONFLICT,UNKNOWN,YIELD,HUMAN_PATH_CONFLICT
NONE,TOWARD,DECREASING,INTERACTION_RANGE,CONFLICT,PASS,YIELD,HUMAN_PATH_CONFLICT
NONE,TOWARD,DECREASING,APPROACHABLE,UNKNOWN,UNKNOWN,CONTINUE,NO_ATTENTION
NONE,TOWARD,DECREASING,APPROACHABLE,UNKNOWN,PASS,CONTINUE,PASS_GESTURE
NONE,TOWARD,DECREASING,APPROACHABLE,CLEAR,UNKNOWN,CONTINUE,NO_ATTENTION
NONE,TOWARD,DECREASING,APPROACHABLE,CLEAR,PASS,CONTINUE,PASS_GESTURE
NONE,TOWARD,DECREASING,APPROACHABLE,CONFLICT,UNKNOWN,YIELD,HUMAN_PATH_CONFLICT
NONE,TOWARD,DECREASING,APPROACHABLE,CONFLICT,PASS,YIELD,HUMAN_PATH_CONFLICT
NONE,TOWARD,DECREASING,FAR,UNKNOWN,UNKNOWN,CONTINUE,NO_ATTENTION
NONE,TOWARD,DECREASING,FAR,UNKNOWN,PASS,CONTINUE,PASS_GESTURE
NONE,TOWARD,DECREASING,FAR,CLEAR,UNKNOWN,CONTINUE,NO_ATTENTION
NONE,TOWARD,DECREASING,FAR,CLEAR,PASS,CONTINUE,PASS_GESTURE
NONE,TOWARD,DECREASING,FAR,CONFLICT,UNKNOWN,YIELD,HUMAN_PATH_CONFLICT
NONE,TOWARD,DECREASING,FAR,CONFLICT,PASS,YIELD,HUMAN_PATH_CONFLICT
NONE,TOWARD,DECREASING,UNKNOWN,UNKNOWN,UNKNOWN,NOT_READY,DISTANCE_UNKNOWN
NONE,TOWARD,DECREASING,UNKNOWN,UNKNOWN,PASS,NOT_READY,DISTANCE_UNKNOWN
NONE,TOWARD,DECREASING,UNKNOWN,CLEAR,UNKNOWN,NOT_READY,DISTANCE_UNKNOWN
NONE,TOWARD,DECREASING,UNKNOWN,CLEAR,PASS,NOT_READY,DISTANCE_UNKNOWN
NONE,TOWARD,DECREASING,UNKNOWN,CONFLICT,UNKNOWN,YIELD,HUMAN_PATH_CONFLICT
NONE,TOWARD,DECREASING,UNKNOWN,CONFLICT,PASS,YIELD,HUMAN_PATH_CONFLICT
NONE,STATIONARY,STABLE,TOO_CLOSE,UNKNOWN,UNKNOWN,NOT_READY,PERSON_TOO_CLOSE
NONE,STATIONARY,STABLE,TOO_CLOSE,UNKNOWN,PASS,NOT_READY,PERSON_TOO_CLOSE
NONE,STATIONARY,STABLE,TOO_CLOSE,CLEAR,UNKNOWN,NOT_READY,PERSON_TOO_CLOSE
NONE,STATIONARY,STABLE,TOO_CLOSE,CLEAR,PASS,NOT_READY,PERSON_TOO_CLOSE
NONE,STATIONARY,STABLE,TOO_CLOSE,CONFLICT,UNKNOWN,YIELD,HUMAN_PATH_CONFLICT
NONE,STATIONARY,STABLE,TOO_CLOSE,CONFLICT,PASS,YIELD,HUMAN_PATH_CONFLICT
NONE,STATIONARY,STABLE,INTERACTION_RANGE,UNKNOWN,UNKNOWN,CONTINUE,NO_ATTENTION
NONE,STATIONARY,STABLE,INTERACTION_RANGE,UNKNOWN,PASS,CONTINUE,PASS_GESTURE
NONE,STATIONARY,STABLE,INTERACTION_RANGE,CLEAR,UNKNOWN,CONTINUE,NO_ATTENTION
NONE,STATIONARY,STABLE,INTERACTION_RANGE,CLEAR,PASS,CONTINUE,PASS_GESTURE
NONE,STATIONARY,STABLE,INTERACTION_RANGE,CONFLICT,UNKNOWN,YIELD,HUMAN_PATH_CONFLICT
NONE,STATIONARY,STABLE,INTERACTION_RANGE,CONFLICT,PASS,YIELD,HUMAN_PATH_CONFLICT
NONE,STATIONARY,STABLE,APPROACHABLE,UNKNOWN,UNKNOWN,CONTINUE,NO_ATTENTION
NONE,STATIONARY,STABLE,APPROACHABLE,UNKNOWN,PASS,CONTINUE,PASS_GESTURE
NONE,STATIONARY,STABLE,APPROACHABLE,CLEAR,UNKNOWN,CONTINUE,NO_ATTENTION
NONE,STATIONARY,STABLE,APPROACHABLE,CLEAR,PASS,CONTINUE,PASS_GESTURE
NONE,STATIONARY,STABLE,APPROACHABLE,CONFLICT,UNKNOWN,YIELD,HUMAN_PATH_CONFLICT
NONE,STATIONARY,STABLE,APPROACHABLE,CONFLICT,PASS,YIELD,HUMAN_PATH_CONFLICT
NONE,STATIONARY,STABLE,FAR,UNKNOWN,UNKNOWN,CONTINUE,NO_ATTENTION
NONE,STATIONARY,STABLE,FAR,UNKNOWN,PASS,CONTINUE,PASS_GESTURE
NONE,STATIONARY,STABLE,FAR,CLEAR,UNKNOWN,CONTINUE,NO_ATTENTION
NONE,STATIONARY,STABLE,FAR,CLEAR,PASS,CONTINUE,PASS_GESTURE
NONE,STATIONARY,STABLE,FAR,CONFLICT,UNKNOWN,YIELD,HUMAN_PATH_CONFLICT
NONE,STATIONARY,STABLE,FAR,CONFLICT,PASS,YIELD,HUMAN_PATH_CONFLICT
NONE,STATIONARY,STABLE,UNKNOWN,UNKNOWN,UNKNOWN,NOT_READY,DISTANCE_UNKNOWN
NONE,STATIONARY,STABLE,UNKNOWN,UNKNOWN,PASS,NOT_READY,DISTANCE_UNKNOWN
NONE,STATIONARY,STABLE,UNKNOWN,CLEAR,UNKNOWN,NOT_READY,DISTANCE_UNKNOWN
NONE,STATIONARY,STABLE,UNKNOWN,CLEAR,PASS,NOT_READY,DISTANCE_UNKNOWN
NONE,STATIONARY,STABLE,UNKNOWN,CONFLICT,UNKNOWN,YIELD,HUMAN_PATH_CONFLICT
NONE,STATIONARY,STABLE,UNKNOWN,CONFLICT,PASS,YIELD,HUMAN_PATH_CONFLICT
NONE,AWAY,INCREASING,TOO_CLOSE,UNKNOWN,UNKNOWN,NOT_READY,PERSON_TOO_CLOSE
NONE,AWAY,INCREASING,TOO_CLOSE,UNKNOWN,PASS,NOT_READY,PERSON_TOO_CLOSE
NONE,AWAY,INCREASING,TOO_CLOSE,CLEAR,UNKNOWN,NOT_READY,PERSON_TOO_CLOSE
NONE,AWAY,INCREASING,TOO_CLOSE,CLEAR,PASS,NOT_READY,PERSON_TOO_CLOSE
NONE,AWAY,INCREASING,TOO_CLOSE,CONFLICT,UNKNOWN,YIELD,HUMAN_PATH_CONFLICT
NONE,AWAY,INCREASING,TOO_CLOSE,CONFLICT,PASS,YIELD,HUMAN_PATH_CONFLICT
NONE,AWAY,INCREASING,INTERACTION_RANGE,UNKNOWN,UNKNOWN,CONTINUE,NO_ATTENTION
NONE,AWAY,INCREASING,INTERACTION_RANGE,UNKNOWN,PASS,CONTINUE,PASS_GESTURE
NONE,AWAY,INCREASING,INTERACTION_RANGE,CLEAR,UNKNOWN,CONTINUE,NO_ATTENTION
NONE,AWAY,INCREASING,INTERACTION_RANGE,CLEAR,PASS,CONTINUE,PASS_GESTURE
NONE,AWAY,INCREASING,INTERACTION_RANGE,CONFLICT,UNKNOWN,YIELD,HUMAN_PATH_CONFLICT
NONE,AWAY,INCREASING,INTERACTION_RANGE,CONFLICT,PASS,YIELD,HUMAN_PATH_CONFLICT
NONE,AWAY,INCREASING,APPROACHABLE,UNKNOWN,UNKNOWN,CONTINUE,NO_ATTENTION
NONE,AWAY,INCREASING,APPROACHABLE,UNKNOWN,PASS,CONTINUE,PASS_GESTURE
NONE,AWAY,INCREASING,APPROACHABLE,CLEAR,UNKNOWN,CONTINUE,NO_ATTENTION
NONE,AWAY,INCREASING,APPROACHABLE,CLEAR,PASS,CONTINUE,PASS_GESTURE
NONE,AWAY,INCREASING,APPROACHABLE,CONFLICT,UNKNOWN,YIELD,HUMAN_PATH_CONFLICT
NONE,AWAY,INCREASING,APPROACHABLE,CONFLICT,PASS,YIELD,HUMAN_PATH_CONFLICT
NONE,AWAY,INCREASING,FAR,UNKNOWN,UNKNOWN,CONTINUE,NO_ATTENTION
NONE,AWAY,INCREASING,FAR,UNKNOWN,PASS,CONTINUE,PASS_GESTURE
NONE,AWAY,INCREASING,FAR,CLEAR,UNKNOWN,CONTINUE,NO_ATTENTION
NONE,AWAY,INCREASING,FAR,CLEAR,PASS,CONTINUE,PASS_GESTURE
NONE,AWAY,INCREASING,FAR,CONFLICT,UNKNOWN,YIELD,HUMAN_PATH_CONFLICT
NONE,AWAY,INCREASING,FAR,CONFLICT,PASS,YIELD,HUMAN_PATH_CONFLICT
NONE,AWAY,INCREASING,UNKNOWN,UNKNOWN,UNKNOWN,NOT_READY,DISTANCE_UNKNOWN
NONE,AWAY,INCREASING,UNKNOWN,UNKNOWN,PASS,NOT_READY,DISTANCE_UNKNOWN
NONE,AWAY,INCREASING,UNKNOWN,CLEAR,UNKNOWN,NOT_READY,DISTANCE_UNKNOWN
NONE,AWAY,INCREASING,UNKNOWN,CLEAR,PASS,NOT_READY,DISTANCE_UNKNOWN
NONE,AWAY,INCREASING,UNKNOWN,CONFLICT,UNKNOWN,YIELD,HUMAN_PATH_CONFLICT
NONE,AWAY,INCREASING,UNKNOWN,CONFLICT,PASS,YIELD,HUMAN_PATH_CONFLICT
NONE,UNKNOWN,UNKNOWN,TOO_CLOSE,UNKNOWN,UNKNOWN,NOT_READY,PERSON_TOO_CLOSE
NONE,UNKNOWN,UNKNOWN,TOO_CLOSE,UNKNOWN,PASS,NOT_READY,PERSON_TOO_CLOSE
NONE,UNKNOWN,UNKNOWN,TOO_CLOSE,CLEAR,UNKNOWN,NOT_READY,PERSON_TOO_CLOSE
NONE,UNKNOWN,UNKNOWN,TOO_CLOSE,CLEAR,PASS,NOT_READY,PERSON_TOO_CLOSE
NONE,UNKNOWN,UNKNOWN,TOO_CLOSE,CONFLICT,UNKNOWN,YIELD,HUMAN_PATH_CONFLICT
NONE,UNKNOWN,UNKNOWN,TOO_CLOSE,CONFLICT,PASS,YIELD,HUMAN_PATH_CONFLICT
NONE,UNKNOWN,UNKNOWN,INTERACTION_RANGE,UNKNOWN,UNKNOWN,CONTINUE,NO_ATTENTION
NONE,UNKNOWN,UNKNOWN,INTERACTION_RANGE,UNKNOWN,PASS,CONTINUE,PASS_GESTURE
NONE,UNKNOWN,UNKNOWN,INTERACTION_RANGE,CLEAR,UNKNOWN,CONTINUE,NO_ATTENTION
NONE,UNKNOWN,UNKNOWN,INTERACTION_RANGE,CLEAR,PASS,CONTINUE,PASS_GESTURE
NONE,UNKNOWN,UNKNOWN,INTERACTION_RANGE,CONFLICT,UNKNOWN,YIELD,HUMAN_PATH_CONFLICT
NONE,UNKNOWN,UNKNOWN,INTERACTION_RANGE,CONFLICT,PASS,YIELD,HUMAN_PATH_CONFLICT
NONE,UNKNOWN,UNKNOWN,APPROACHABLE,UNKNOWN,UNKNOWN,CONTINUE,NO_ATTENTION
NONE,UNKNOWN,UNKNOWN,APPROACHABLE,UNKNOWN,PASS,CONTINUE,PASS_GESTURE
NONE,UNKNOWN,UNKNOWN,APPROACHABLE,CLEAR,UNKNOWN,CONTINUE,NO_ATTENTION
NONE,UNKNOWN,UNKNOWN,APPROACHABLE,CLEAR,PASS,CONTINUE,PASS_GESTURE
NONE,UNKNOWN,UNKNOWN,APPROACHABLE,CONFLICT,UNKNOWN,YIELD,HUMAN_PATH_CONFLICT
NONE,UNKNOWN,UNKNOWN,APPROACHABLE,CONFLICT,PASS,YIELD,HUMAN_PATH_CONFLICT
NONE,UNKNOWN,UNKNOWN,FAR,UNKNOWN,UNKNOWN,CONTINUE,NO_ATTENTION
NONE,UNKNOWN,UNKNOWN,FAR,UNKNOWN,PASS,CONTINUE,PASS_GESTURE
NONE,UNKNOWN,UNKNOWN,FAR,CLEAR,UNKNOWN,CONTINUE,NO_ATTENTION
NONE,UNKNOWN,UNKNOWN,FAR,CLEAR,PASS,CONTINUE,PASS_GESTURE
NONE,UNKNOWN,UNKNOWN,FAR,CONFLICT,UNKNOWN,YIELD,HUMAN_PATH_CONFLICT
NONE,UNKNOWN,UNKNOWN,FAR,CONFLICT,PASS,YIELD,HUMAN_PATH_CONFLICT
NONE,UNKNOWN,UNKNOWN,UNKNOWN,UNKNOWN,UNKNOWN,NOT_READY,DISTANCE_UNKNOWN
NONE,UNKNOWN,UNKNOWN,UNKNOWN,UNKNOWN,PASS,NOT_READY,DISTANCE_UNKNOWN
NONE,UNKNOWN,UNKNOWN,UNKNOWN,CLEAR,UNKNOWN,NOT_READY,DISTANCE_UNKNOWN
NONE,UNKNOWN,UNKNOWN,UNKNOWN,CLEAR,PASS,NOT_READY,DISTANCE_UNKNOWN
NONE,UNKNOWN,UNKNOWN,UNKNOWN,CONFLICT,UNKNOWN,YIELD,HUMAN_PATH_CONFLICT
NONE,UNKNOWN,UNKNOWN,UNKNOWN,CONFLICT,PASS,YIELD,HUMAN_PATH_CONFLICT
NONE,UNKNOWN,STABLE,TOO_CLOSE,UNKNOWN,UNKNOWN,NOT_READY,PERSON_TOO_CLOSE
NONE,UNKNOWN,STABLE,TOO_CLOSE,UNKNOWN,PASS,NOT_READY,PERSON_TOO_CLOSE
NONE,UNKNOWN,STABLE,TOO_CLOSE,CLEAR,UNKNOWN,NOT_READY,PERSON_TOO_CLOSE
NONE,UNKNOWN,STABLE,TOO_CLOSE,CLEAR,PASS,NOT_READY,PERSON_TOO_CLOSE
NONE,UNKNOWN,STABLE,TOO_CLOSE,CONFLICT,UNKNOWN,YIELD,HUMAN_PATH_CONFLICT
NONE,UNKNOWN,STABLE,TOO_CLOSE,CONFLICT,PASS,YIELD,HUMAN_PATH_CONFLICT
NONE,UNKNOWN,STABLE,INTERACTION_RANGE,UNKNOWN,UNKNOWN,CONTINUE,NO_ATTENTION
NONE,UNKNOWN,STABLE,INTERACTION_RANGE,UNKNOWN,PASS,CONTINUE,PASS_GESTURE
NONE,UNKNOWN,STABLE,INTERACTION_RANGE,CLEAR,UNKNOWN,CONTINUE,NO_ATTENTION
NONE,UNKNOWN,STABLE,INTERACTION_RANGE,CLEAR,PASS,CONTINUE,PASS_GESTURE
NONE,UNKNOWN,STABLE,INTERACTION_RANGE,CONFLICT,UNKNOWN,YIELD,HUMAN_PATH_CONFLICT
NONE,UNKNOWN,STABLE,INTERACTION_RANGE,CONFLICT,PASS,YIELD,HUMAN_PATH_CONFLICT
NONE,UNKNOWN,STABLE,APPROACHABLE,UNKNOWN,UNKNOWN,CONTINUE,NO_ATTENTION
NONE,UNKNOWN,STABLE,APPROACHABLE,UNKNOWN,PASS,CONTINUE,PASS_GESTURE
NONE,UNKNOWN,STABLE,APPROACHABLE,CLEAR,UNKNOWN,CONTINUE,NO_ATTENTION
NONE,UNKNOWN,STABLE,APPROACHABLE,CLEAR,PASS,CONTINUE,PASS_GESTURE
NONE,UNKNOWN,STABLE,APPROACHABLE,CONFLICT,UNKNOWN,YIELD,HUMAN_PATH_CONFLICT
NONE,UNKNOWN,STABLE,APPROACHABLE,CONFLICT,PASS,YIELD,HUMAN_PATH_CONFLICT
NONE,UNKNOWN,STABLE,FAR,UNKNOWN,UNKNOWN,CONTINUE,NO_ATTENTION
NONE,UNKNOWN,STABLE,FAR,UNKNOWN,PASS,CONTINUE,PASS_GESTURE
NONE,UNKNOWN,STABLE,FAR,CLEAR,UNKNOWN,CONTINUE,NO_ATTENTION
NONE,UNKNOWN,STABLE,FAR,CLEAR,PASS,CONTINUE,PASS_GESTURE
NONE,UNKNOWN,STABLE,FAR,CONFLICT,UNKNOWN,YIELD,HUMAN_PATH_CONFLICT
NONE,UNKNOWN,STABLE,FAR,CONFLICT,PASS,YIELD,HUMAN_PATH_CONFLICT
NONE,UNKNOWN,STABLE,UNKNOWN,UNKNOWN,UNKNOWN,NOT_READY,DISTANCE_UNKNOWN
NONE,UNKNOWN,STABLE,UNKNOWN,UNKNOWN,PASS,NOT_READY,DISTANCE_UNKNOWN
NONE,UNKNOWN,STABLE,UNKNOWN,CLEAR,UNKNOWN,NOT_READY,DISTANCE_UNKNOWN
NONE,UNKNOWN,STABLE,UNKNOWN,CLEAR,PASS,NOT_READY,DISTANCE_UNKNOWN
NONE,UNKNOWN,STABLE,UNKNOWN,CONFLICT,UNKNOWN,YIELD,HUMAN_PATH_CONFLICT
NONE,UNKNOWN,STABLE,UNKNOWN,CONFLICT,PASS,YIELD,HUMAN_PATH_CONFLICT
NONE,UNKNOWN,DECREASING,TOO_CLOSE,UNKNOWN,UNKNOWN,NOT_READY,PERSON_TOO_CLOSE
NONE,UNKNOWN,DECREASING,TOO_CLOSE,UNKNOWN,PASS,NOT_READY,PERSON_TOO_CLOSE
NONE,UNKNOWN,DECREASING,TOO_CLOSE,CLEAR,UNKNOWN,NOT_READY,PERSON_TOO_CLOSE
NONE,UNKNOWN,DECREASING,TOO_CLOSE,CLEAR,PASS,NOT_READY,PERSON_TOO_CLOSE
NONE,UNKNOWN,DECREASING,TOO_CLOSE,CONFLICT,UNKNOWN,YIELD,HUMAN_PATH_CONFLICT
NONE,UNKNOWN,DECREASING,TOO_CLOSE,CONFLICT,PASS,YIELD,HUMAN_PATH_CONFLICT
NONE,UNKNOWN,DECREASING,INTERACTION_RANGE,UNKNOWN,UNKNOWN,CONTINUE,NO_ATTENTION
NONE,UNKNOWN,DECREASING,INTERACTION_RANGE,UNKNOWN,PASS,CONTINUE,PASS_GESTURE
NONE,UNKNOWN,DECREASING,INTERACTION_RANGE,CLEAR,UNKNOWN,CONTINUE,NO_ATTENTION
NONE,UNKNOWN,DECREASING,INTERACTION_RANGE,CLEAR,PASS,CONTINUE,PASS_GESTURE
NONE,UNKNOWN,DECREASING,INTERACTION_RANGE,CONFLICT,UNKNOWN,YIELD,HUMAN_PATH_CONFLICT
NONE,UNKNOWN,DECREASING,INTERACTION_RANGE,CONFLICT,PASS,YIELD,HUMAN_PATH_CONFLICT
NONE,UNKNOWN,DECREASING,APPROACHABLE,UNKNOWN,UNKNOWN,CONTINUE,NO_ATTENTION
NONE,UNKNOWN,DECREASING,APPROACHABLE,UNKNOWN,PASS,CONTINUE,PASS_GESTURE
NONE,UNKNOWN,DECREASING,APPROACHABLE,CLEAR,UNKNOWN,CONTINUE,NO_ATTENTION
NONE,UNKNOWN,DECREASING,APPROACHABLE,CLEAR,PASS,CONTINUE,PASS_GESTURE
NONE,UNKNOWN,DECREASING,APPROACHABLE,CONFLICT,UNKNOWN,YIELD,HUMAN_PATH_CONFLICT
NONE,UNKNOWN,DECREASING,APPROACHABLE,CONFLICT,PASS,YIELD,HUMAN_PATH_CONFLICT
NONE,UNKNOWN,DECREASING,FAR,UNKNOWN,UNKNOWN,CONTINUE,NO_ATTENTION
NONE,UNKNOWN,DECREASING,FAR,UNKNOWN,PASS,CONTINUE,PASS_GESTURE
NONE,UNKNOWN,DECREASING,FAR,CLEAR,UNKNOWN,CONTINUE,NO_ATTENTION
NONE,UNKNOWN,DECREASING,FAR,CLEAR,PASS,CONTINUE,PASS_GESTURE
NONE,UNKNOWN,DECREASING,FAR,CONFLICT,UNKNOWN,YIELD,HUMAN_PATH_CONFLICT
NONE,UNKNOWN,DECREASING,FAR,CONFLICT,PASS,YIELD,HUMAN_PATH_CONFLICT
NONE,UNKNOWN,DECREASING,UNKNOWN,UNKNOWN,UNKNOWN,NOT_READY,DISTANCE_UNKNOWN
NONE,UNKNOWN,DECREASING,UNKNOWN,UNKNOWN,PASS,NOT_READY,DISTANCE_UNKNOWN
NONE,UNKNOWN,DECREASING,UNKNOWN,CLEAR,UNKNOWN,NOT_READY,DISTANCE_UNKNOWN
NONE,UNKNOWN,DECREASING,UNKNOWN,CLEAR,PASS,NOT_READY,DISTANCE_UNKNOWN
NONE,UNKNOWN,DECREASING,UNKNOWN,CONFLICT,UNKNOWN,YIELD,HUMAN_PATH_CONFLICT
NONE,UNKNOWN,DECREASING,UNKNOWN,CONFLICT,PASS,YIELD,HUMAN_PATH_CONFLICT
NONE,UNKNOWN,INCREASING,TOO_CLOSE,UNKNOWN,UNKNOWN,NOT_READY,PERSON_TOO_CLOSE
NONE,UNKNOWN,INCREASING,TOO_CLOSE,UNKNOWN,PASS,NOT_READY,PERSON_TOO_CLOSE
NONE,UNKNOWN,INCREASING,TOO_CLOSE,CLEAR,UNKNOWN,NOT_READY,PERSON_TOO_CLOSE
NONE,UNKNOWN,INCREASING,TOO_CLOSE,CLEAR,PASS,NOT_READY,PERSON_TOO_CLOSE
NONE,UNKNOWN,INCREASING,TOO_CLOSE,CONFLICT,UNKNOWN,YIELD,HUMAN_PATH_CONFLICT
NONE,UNKNOWN,INCREASING,TOO_CLOSE,CONFLICT,PASS,YIELD,HUMAN_PATH_CONFLICT
NONE,UNKNOWN,INCREASING,INTERACTION_RANGE,UNKNOWN,UNKNOWN,CONTINUE,NO_ATTENTION
NONE,UNKNOWN,INCREASING,INTERACTION_RANGE,UNKNOWN,PASS,CONTINUE,PASS_GESTURE
NONE,UNKNOWN,INCREASING,INTERACTION_RANGE,CLEAR,UNKNOWN,CONTINUE,NO_ATTENTION
NONE,UNKNOWN,INCREASING,INTERACTION_RANGE,CLEAR,PASS,CONTINUE,PASS_GESTURE
NONE,UNKNOWN,INCREASING,INTERACTION_RANGE,CONFLICT,UNKNOWN,YIELD,HUMAN_PATH_CONFLICT
NONE,UNKNOWN,INCREASING,INTERACTION_RANGE,CONFLICT,PASS,YIELD,HUMAN_PATH_CONFLICT
NONE,UNKNOWN,INCREASING,APPROACHABLE,UNKNOWN,UNKNOWN,CONTINUE,NO_ATTENTION
NONE,UNKNOWN,INCREASING,APPROACHABLE,UNKNOWN,PASS,CONTINUE,PASS_GESTURE
NONE,UNKNOWN,INCREASING,APPROACHABLE,CLEAR,UNKNOWN,CONTINUE,NO_ATTENTION
NONE,UNKNOWN,INCREASING,APPROACHABLE,CLEAR,PASS,CONTINUE,PASS_GESTURE
NONE,UNKNOWN,INCREASING,APPROACHABLE,CONFLICT,UNKNOWN,YIELD,HUMAN_PATH_CONFLICT
NONE,UNKNOWN,INCREASING,APPROACHABLE,CONFLICT,PASS,YIELD,HUMAN_PATH_CONFLICT
NONE,UNKNOWN,INCREASING,FAR,UNKNOWN,UNKNOWN,CONTINUE,NO_ATTENTION
NONE,UNKNOWN,INCREASING,FAR,UNKNOWN,PASS,CONTINUE,PASS_GESTURE
NONE,UNKNOWN,INCREASING,FAR,CLEAR,UNKNOWN,CONTINUE,NO_ATTENTION
NONE,UNKNOWN,INCREASING,FAR,CLEAR,PASS,CONTINUE,PASS_GESTURE
NONE,UNKNOWN,INCREASING,FAR,CONFLICT,UNKNOWN,YIELD,HUMAN_PATH_CONFLICT
NONE,UNKNOWN,INCREASING,FAR,CONFLICT,PASS,YIELD,HUMAN_PATH_CONFLICT
NONE,UNKNOWN,INCREASING,UNKNOWN,UNKNOWN,UNKNOWN,NOT_READY,DISTANCE_UNKNOWN
NONE,UNKNOWN,INCREASING,UNKNOWN,UNKNOWN,PASS,NOT_READY,DISTANCE_UNKNOWN
NONE,UNKNOWN,INCREASING,UNKNOWN,CLEAR,UNKNOWN,NOT_READY,DISTANCE_UNKNOWN
NONE,UNKNOWN,INCREASING,UNKNOWN,CLEAR,PASS,NOT_READY,DISTANCE_UNKNOWN
NONE,UNKNOWN,INCREASING,UNKNOWN,CONFLICT,UNKNOWN,YIELD,HUMAN_PATH_CONFLICT
NONE,UNKNOWN,INCREASING,UNKNOWN,CONFLICT,PASS,YIELD,HUMAN_PATH_CONFLICT
INTERMITTENT,TOWARD,DECREASING,TOO_CLOSE,UNKNOWN,UNKNOWN,NOT_READY,PERSON_TOO_CLOSE
INTERMITTENT,TOWARD,DECREASING,TOO_CLOSE,UNKNOWN,PASS,NOT_READY,PERSON_TOO_CLOSE
INTERMITTENT,TOWARD,DECREASING,TOO_CLOSE,CLEAR,UNKNOWN,NOT_READY,PERSON_TOO_CLOSE
INTERMITTENT,TOWARD,DECREASING,TOO_CLOSE,CLEAR,PASS,NOT_READY,PERSON_TOO_CLOSE
INTERMITTENT,TOWARD,DECREASING,TOO_CLOSE,CONFLICT,UNKNOWN,YIELD,HUMAN_PATH_CONFLICT
INTERMITTENT,TOWARD,DECREASING,TOO_CLOSE,CONFLICT,PASS,YIELD,HUMAN_PATH_CONFLICT
INTERMITTENT,TOWARD,DECREASING,INTERACTION_RANGE,UNKNOWN,UNKNOWN,CONTINUE,INCIDENTAL_ATTENTION
INTERMITTENT,TOWARD,DECREASING,INTERACTION_RANGE,UNKNOWN,PASS,CONTINUE,PASS_GESTURE
INTERMITTENT,TOWARD,DECREASING,INTERACTION_RANGE,CLEAR,UNKNOWN,CONTINUE,INCIDENTAL_ATTENTION
INTERMITTENT,TOWARD,DECREASING,INTERACTION_RANGE,CLEAR,PASS,CONTINUE,PASS_GESTURE
INTERMITTENT,TOWARD,DECREASING,INTERACTION_RANGE,CONFLICT,UNKNOWN,YIELD,HUMAN_PATH_CONFLICT
INTERMITTENT,TOWARD,DECREASING,INTERACTION_RANGE,CONFLICT,PASS,YIELD,HUMAN_PATH_CONFLICT
INTERMITTENT,TOWARD,DECREASING,APPROACHABLE,UNKNOWN,UNKNOWN,CONTINUE,INCIDENTAL_ATTENTION
INTERMITTENT,TOWARD,DECREASING,APPROACHABLE,UNKNOWN,PASS,CONTINUE,PASS_GESTURE
INTERMITTENT,TOWARD,DECREASING,APPROACHABLE,CLEAR,UNKNOWN,CONTINUE,INCIDENTAL_ATTENTION
INTERMITTENT,TOWARD,DECREASING,APPROACHABLE,CLEAR,PASS,CONTINUE,PASS_GESTURE
INTERMITTENT,TOWARD,DECREASING,APPROACHABLE,CONFLICT,UNKNOWN,YIELD,HUMAN_PATH_CONFLICT
INTERMITTENT,TOWARD,DECREASING,APPROACHABLE,CONFLICT,PASS,YIELD,HUMAN_PATH_CONFLICT
INTERMITTENT,TOWARD,DECREASING,FAR,UNKNOWN,UNKNOWN,CONTINUE,INCIDENTAL_ATTENTION
INTERMITTENT,TOWARD,DECREASING,FAR,UNKNOWN,PASS,CONTINUE,PASS_GESTURE
INTERMITTENT,TOWARD,DECREASING,FAR,CLEAR,UNKNOWN,CONTINUE,INCIDENTAL_ATTENTION
INTERMITTENT,TOWARD,DECREASING,FAR,CLEAR,PASS,CONTINUE,PASS_GESTURE
INTERMITTENT,TOWARD,DECREASING,FAR,CONFLICT,UNKNOWN,YIELD,HUMAN_PATH_CONFLICT
INTERMITTENT,TOWARD,DECREASING,FAR,CONFLICT,PASS,YIELD,HUMAN_PATH_CONFLICT
INTERMITTENT,TOWARD,DECREASING,UNKNOWN,UNKNOWN,UNKNOWN,NOT_READY,DISTANCE_UNKNOWN
INTERMITTENT,TOWARD,DECREASING,UNKNOWN,UNKNOWN,PASS,NOT_READY,DISTANCE_UNKNOWN
INTERMITTENT,TOWARD,DECREASING,UNKNOWN,CLEAR,UNKNOWN,NOT_READY,DISTANCE_UNKNOWN
INTERMITTENT,TOWARD,DECREASING,UNKNOWN,CLEAR,PASS,NOT_READY,DISTANCE_UNKNOWN
INTERMITTENT,TOWARD,DECREASING,UNKNOWN,CONFLICT,UNKNOWN,YIELD,HUMAN_PATH_CONFLICT
INTERMITTENT,TOWARD,DECREASING,UNKNOWN,CONFLICT,PASS,YIELD,HUMAN_PATH_CONFLICT
INTERMITTENT,STATIONARY,STABLE,TOO_CLOSE,UNKNOWN,UNKNOWN,NOT_READY,PERSON_TOO_CLOSE
INTERMITTENT,STATIONARY,STABLE,TOO_CLOSE,UNKNOWN,PASS,NOT_READY,PERSON_TOO_CLOSE
INTERMITTENT,STATIONARY,STABLE,TOO_CLOSE,CLEAR,UNKNOWN,NOT_READY,PERSON_TOO_CLOSE
INTERMITTENT,STATIONARY,STABLE,TOO_CLOSE,CLEAR,PASS,NOT_READY,PERSON_TOO_CLOSE
INTERMITTENT,STATIONARY,STABLE,TOO_CLOSE,CONFLICT,UNKNOWN,YIELD,HUMAN_PATH_CONFLICT
INTERMITTENT,STATIONARY,STABLE,TOO_CLOSE,CONFLICT,PASS,YIELD,HUMAN_PATH_CONFLICT
INTERMITTENT,STATIONARY,STABLE,INTERACTION_RANGE,UNKNOWN,UNKNOWN,CONTINUE,INCIDENTAL_ATTENTION
INTERMITTENT,STATIONARY,STABLE,INTERACTION_RANGE,UNKNOWN,PASS,CONTINUE,PASS_GESTURE
INTERMITTENT,STATIONARY,STABLE,INTERACTION_RANGE,CLEAR,UNKNOWN,CONTINUE,INCIDENTAL_ATTENTION
INTERMITTENT,STATIONARY,STABLE,INTERACTION_RANGE,CLEAR,PASS,CONTINUE,PASS_GESTURE
INTERMITTENT,STATIONARY,STABLE,INTERACTION_RANGE,CONFLICT,UNKNOWN,YIELD,HUMAN_PATH_CONFLICT
INTERMITTENT,STATIONARY,STABLE,INTERACTION_RANGE,CONFLICT,PASS,YIELD,HUMAN_PATH_CONFLICT
INTERMITTENT,STATIONARY,STABLE,APPROACHABLE,UNKNOWN,UNKNOWN,CONTINUE,INCIDENTAL_ATTENTION
INTERMITTENT,STATIONARY,STABLE,APPROACHABLE,UNKNOWN,PASS,CONTINUE,PASS_GESTURE
INTERMITTENT,STATIONARY,STABLE,APPROACHABLE,CLEAR,UNKNOWN,CONTINUE,INCIDENTAL_ATTENTION
INTERMITTENT,STATIONARY,STABLE,APPROACHABLE,CLEAR,PASS,CONTINUE,PASS_GESTURE
INTERMITTENT,STATIONARY,STABLE,APPROACHABLE,CONFLICT,UNKNOWN,YIELD,HUMAN_PATH_CONFLICT
INTERMITTENT,STATIONARY,STABLE,APPROACHABLE,CONFLICT,PASS,YIELD,HUMAN_PATH_CONFLICT
INTERMITTENT,STATIONARY,STABLE,FAR,UNKNOWN,UNKNOWN,CONTINUE,INCIDENTAL_ATTENTION
INTERMITTENT,STATIONARY,STABLE,FAR,UNKNOWN,PASS,CONTINUE,PASS_GESTURE
INTERMITTENT,STATIONARY,STABLE,FAR,CLEAR,UNKNOWN,CONTINUE,INCIDENTAL_ATTENTION
INTERMITTENT,STATIONARY,STABLE,FAR,CLEAR,PASS,CONTINUE,PASS_GESTURE
INTERMITTENT,STATIONARY,STABLE,FAR,CONFLICT,UNKNOWN,YIELD,HUMAN_PATH_CONFLICT
INTERMITTENT,STATIONARY,STABLE,FAR,CONFLICT,PASS,YIELD,HUMAN_PATH_CONFLICT
INTERMITTENT,STATIONARY,STABLE,UNKNOWN,UNKNOWN,UNKNOWN,NOT_READY,DISTANCE_UNKNOWN
INTERMITTENT,STATIONARY,STABLE,UNKNOWN,UNKNOWN,PASS,NOT_READY,DISTANCE_UNKNOWN
INTERMITTENT,STATIONARY,STABLE,UNKNOWN,CLEAR,UNKNOWN,NOT_READY,DISTANCE_UNKNOWN
INTERMITTENT,STATIONARY,STABLE,UNKNOWN,CLEAR,PASS,NOT_READY,DISTANCE_UNKNOWN
INTERMITTENT,STATIONARY,STABLE,UNKNOWN,CONFLICT,UNKNOWN,YIELD,HUMAN_PATH_CONFLICT
INTERMITTENT,STATIONARY,STABLE,UNKNOWN,CONFLICT,PASS,YIELD,HUMAN_PATH_CONFLICT
INTERMITTENT,AWAY,INCREASING,TOO_CLOSE,UNKNOWN,UNKNOWN,NOT_READY,PERSON_TOO_CLOSE
INTERMITTENT,AWAY,INCREASING,TOO_CLOSE,UNKNOWN,PASS,NOT_READY,PERSON_TOO_CLOSE
INTERMITTENT,AWAY,INCREASING,TOO_CLOSE,CLEAR,UNKNOWN,NOT_READY,PERSON_TOO_CLOSE
INTERMITTENT,AWAY,INCREASING,TOO_CLOSE,CLEAR,PASS,NOT_READY,PERSON_TOO_CLOSE
INTERMITTENT,AWAY,INCREASING,TOO_CLOSE,CONFLICT,UNKNOWN,YIELD,HUMAN_PATH_CONFLICT
INTERMITTENT,AWAY,INCREASING,TOO_CLOSE,CONFLICT,PASS,YIELD,HUMAN_PATH_CONFLICT
INTERMITTENT,AWAY,INCREASING,INTERACTION_RANGE,UNKNOWN,UNKNOWN,CONTINUE,INCIDENTAL_ATTENTION
INTERMITTENT,AWAY,INCREASING,INTERACTION_RANGE,UNKNOWN,PASS,CONTINUE,PASS_GESTURE
INTERMITTENT,AWAY,INCREASING,INTERACTION_RANGE,CLEAR,UNKNOWN,CONTINUE,INCIDENTAL_ATTENTION
INTERMITTENT,AWAY,INCREASING,INTERACTION_RANGE,CLEAR,PASS,CONTINUE,PASS_GESTURE
INTERMITTENT,AWAY,INCREASING,INTERACTION_RANGE,CONFLICT,UNKNOWN,YIELD,HUMAN_PATH_CONFLICT
INTERMITTENT,AWAY,INCREASING,INTERACTION_RANGE,CONFLICT,PASS,YIELD,HUMAN_PATH_CONFLICT
INTERMITTENT,AWAY,INCREASING,APPROACHABLE,UNKNOWN,UNKNOWN,CONTINUE,INCIDENTAL_ATTENTION
INTERMITTENT,AWAY,INCREASING,APPROACHABLE,UNKNOWN,PASS,CONTINUE,PASS_GESTURE
INTERMITTENT,AWAY,INCREASING,APPROACHABLE,CLEAR,UNKNOWN,CONTINUE,INCIDENTAL_ATTENTION
INTERMITTENT,AWAY,INCREASING,APPROACHABLE,CLEAR,PASS,CONTINUE,PASS_GESTURE
INTERMITTENT,AWAY,INCREASING,APPROACHABLE,CONFLICT,UNKNOWN,YIELD,HUMAN_PATH_CONFLICT
INTERMITTENT,AWAY,INCREASING,APPROACHABLE,CONFLICT,PASS,YIELD,HUMAN_PATH_CONFLICT
INTERMITTENT,AWAY,INCREASING,FAR,UNKNOWN,UNKNOWN,CONTINUE,INCIDENTAL_ATTENTION
INTERMITTENT,AWAY,INCREASING,FAR,UNKNOWN,PASS,CONTINUE,PASS_GESTURE
INTERMITTENT,AWAY,INCREASING,FAR,CLEAR,UNKNOWN,CONTINUE,INCIDENTAL_ATTENTION
INTERMITTENT,AWAY,INCREASING,FAR,CLEAR,PASS,CONTINUE,PASS_GESTURE
INTERMITTENT,AWAY,INCREASING,FAR,CONFLICT,UNKNOWN,YIELD,HUMAN_PATH_CONFLICT
INTERMITTENT,AWAY,INCREASING,FAR,CONFLICT,PASS,YIELD,HUMAN_PATH_CONFLICT
INTERMITTENT,AWAY,INCREASING,UNKNOWN,UNKNOWN,UNKNOWN,NOT_READY,DISTANCE_UNKNOWN
INTERMITTENT,AWAY,INCREASING,UNKNOWN,UNKNOWN,PASS,NOT_READY,DISTANCE_UNKNOWN
INTERMITTENT,AWAY,INCREASING,UNKNOWN,CLEAR,UNKNOWN,NOT_READY,DISTANCE_UNKNOWN
INTERMITTENT,AWAY,INCREASING,UNKNOWN,CLEAR,PASS,NOT_READY,DISTANCE_UNKNOWN
INTERMITTENT,AWAY,INCREASING,UNKNOWN,CONFLICT,UNKNOWN,YIELD,HUMAN_PATH_CONFLICT
INTERMITTENT,AWAY,INCREASING,UNKNOWN,CONFLICT,PASS,YIELD,HUMAN_PATH_CONFLICT
INTERMITTENT,UNKNOWN,UNKNOWN,TOO_CLOSE,UNKNOWN,UNKNOWN,NOT_READY,PERSON_TOO_CLOSE
INTERMITTENT,UNKNOWN,UNKNOWN,TOO_CLOSE,UNKNOWN,PASS,NOT_READY,PERSON_TOO_CLOSE
INTERMITTENT,UNKNOWN,UNKNOWN,TOO_CLOSE,CLEAR,UNKNOWN,NOT_READY,PERSON_TOO_CLOSE
INTERMITTENT,UNKNOWN,UNKNOWN,TOO_CLOSE,CLEAR,PASS,NOT_READY,PERSON_TOO_CLOSE
INTERMITTENT,UNKNOWN,UNKNOWN,TOO_CLOSE,CONFLICT,UNKNOWN,YIELD,HUMAN_PATH_CONFLICT
INTERMITTENT,UNKNOWN,UNKNOWN,TOO_CLOSE,CONFLICT,PASS,YIELD,HUMAN_PATH_CONFLICT
INTERMITTENT,UNKNOWN,UNKNOWN,INTERACTION_RANGE,UNKNOWN,UNKNOWN,CONTINUE,INCIDENTAL_ATTENTION
INTERMITTENT,UNKNOWN,UNKNOWN,INTERACTION_RANGE,UNKNOWN,PASS,CONTINUE,PASS_GESTURE
INTERMITTENT,UNKNOWN,UNKNOWN,INTERACTION_RANGE,CLEAR,UNKNOWN,CONTINUE,INCIDENTAL_ATTENTION
INTERMITTENT,UNKNOWN,UNKNOWN,INTERACTION_RANGE,CLEAR,PASS,CONTINUE,PASS_GESTURE
INTERMITTENT,UNKNOWN,UNKNOWN,INTERACTION_RANGE,CONFLICT,UNKNOWN,YIELD,HUMAN_PATH_CONFLICT
INTERMITTENT,UNKNOWN,UNKNOWN,INTERACTION_RANGE,CONFLICT,PASS,YIELD,HUMAN_PATH_CONFLICT
INTERMITTENT,UNKNOWN,UNKNOWN,APPROACHABLE,UNKNOWN,UNKNOWN,CONTINUE,INCIDENTAL_ATTENTION
INTERMITTENT,UNKNOWN,UNKNOWN,APPROACHABLE,UNKNOWN,PASS,CONTINUE,PASS_GESTURE
INTERMITTENT,UNKNOWN,UNKNOWN,APPROACHABLE,CLEAR,UNKNOWN,CONTINUE,INCIDENTAL_ATTENTION
INTERMITTENT,UNKNOWN,UNKNOWN,APPROACHABLE,CLEAR,PASS,CONTINUE,PASS_GESTURE
INTERMITTENT,UNKNOWN,UNKNOWN,APPROACHABLE,CONFLICT,UNKNOWN,YIELD,HUMAN_PATH_CONFLICT
INTERMITTENT,UNKNOWN,UNKNOWN,APPROACHABLE,CONFLICT,PASS,YIELD,HUMAN_PATH_CONFLICT
INTERMITTENT,UNKNOWN,UNKNOWN,FAR,UNKNOWN,UNKNOWN,CONTINUE,INCIDENTAL_ATTENTION
INTERMITTENT,UNKNOWN,UNKNOWN,FAR,UNKNOWN,PASS,CONTINUE,PASS_GESTURE
INTERMITTENT,UNKNOWN,UNKNOWN,FAR,CLEAR,UNKNOWN,CONTINUE,INCIDENTAL_ATTENTION
INTERMITTENT,UNKNOWN,UNKNOWN,FAR,CLEAR,PASS,CONTINUE,PASS_GESTURE
INTERMITTENT,UNKNOWN,UNKNOWN,FAR,CONFLICT,UNKNOWN,YIELD,HUMAN_PATH_CONFLICT
INTERMITTENT,UNKNOWN,UNKNOWN,FAR,CONFLICT,PASS,YIELD,HUMAN_PATH_CONFLICT
INTERMITTENT,UNKNOWN,UNKNOWN,UNKNOWN,UNKNOWN,UNKNOWN,NOT_READY,DISTANCE_UNKNOWN
INTERMITTENT,UNKNOWN,UNKNOWN,UNKNOWN,UNKNOWN,PASS,NOT_READY,DISTANCE_UNKNOWN
INTERMITTENT,UNKNOWN,UNKNOWN,UNKNOWN,CLEAR,UNKNOWN,NOT_READY,DISTANCE_UNKNOWN
INTERMITTENT,UNKNOWN,UNKNOWN,UNKNOWN,CLEAR,PASS,NOT_READY,DISTANCE_UNKNOWN
INTERMITTENT,UNKNOWN,UNKNOWN,UNKNOWN,CONFLICT,UNKNOWN,YIELD,HUMAN_PATH_CONFLICT
INTERMITTENT,UNKNOWN,UNKNOWN,UNKNOWN,CONFLICT,PASS,YIELD,HUMAN_PATH_CONFLICT
INTERMITTENT,UNKNOWN,STABLE,TOO_CLOSE,UNKNOWN,UNKNOWN,NOT_READY,PERSON_TOO_CLOSE
INTERMITTENT,UNKNOWN,STABLE,TOO_CLOSE,UNKNOWN,PASS,NOT_READY,PERSON_TOO_CLOSE
INTERMITTENT,UNKNOWN,STABLE,TOO_CLOSE,CLEAR,UNKNOWN,NOT_READY,PERSON_TOO_CLOSE
INTERMITTENT,UNKNOWN,STABLE,TOO_CLOSE,CLEAR,PASS,NOT_READY,PERSON_TOO_CLOSE
INTERMITTENT,UNKNOWN,STABLE,TOO_CLOSE,CONFLICT,UNKNOWN,YIELD,HUMAN_PATH_CONFLICT
INTERMITTENT,UNKNOWN,STABLE,TOO_CLOSE,CONFLICT,PASS,YIELD,HUMAN_PATH_CONFLICT
INTERMITTENT,UNKNOWN,STABLE,INTERACTION_RANGE,UNKNOWN,UNKNOWN,CONTINUE,INCIDENTAL_ATTENTION
INTERMITTENT,UNKNOWN,STABLE,INTERACTION_RANGE,UNKNOWN,PASS,CONTINUE,PASS_GESTURE
INTERMITTENT,UNKNOWN,STABLE,INTERACTION_RANGE,CLEAR,UNKNOWN,CONTINUE,INCIDENTAL_ATTENTION
INTERMITTENT,UNKNOWN,STABLE,INTERACTION_RANGE,CLEAR,PASS,CONTINUE,PASS_GESTURE
INTERMITTENT,UNKNOWN,STABLE,INTERACTION_RANGE,CONFLICT,UNKNOWN,YIELD,HUMAN_PATH_CONFLICT
INTERMITTENT,UNKNOWN,STABLE,INTERACTION_RANGE,CONFLICT,PASS,YIELD,HUMAN_PATH_CONFLICT
INTERMITTENT,UNKNOWN,STABLE,APPROACHABLE,UNKNOWN,UNKNOWN,CONTINUE,INCIDENTAL_ATTENTION
INTERMITTENT,UNKNOWN,STABLE,APPROACHABLE,UNKNOWN,PASS,CONTINUE,PASS_GESTURE
INTERMITTENT,UNKNOWN,STABLE,APPROACHABLE,CLEAR,UNKNOWN,CONTINUE,INCIDENTAL_ATTENTION
INTERMITTENT,UNKNOWN,STABLE,APPROACHABLE,CLEAR,PASS,CONTINUE,PASS_GESTURE
INTERMITTENT,UNKNOWN,STABLE,APPROACHABLE,CONFLICT,UNKNOWN,YIELD,HUMAN_PATH_CONFLICT
INTERMITTENT,UNKNOWN,STABLE,APPROACHABLE,CONFLICT,PASS,YIELD,HUMAN_PATH_CONFLICT
INTERMITTENT,UNKNOWN,STABLE,FAR,UNKNOWN,UNKNOWN,CONTINUE,INCIDENTAL_ATTENTION
INTERMITTENT,UNKNOWN,STABLE,FAR,UNKNOWN,PASS,CONTINUE,PASS_GESTURE
INTERMITTENT,UNKNOWN,STABLE,FAR,CLEAR,UNKNOWN,CONTINUE,INCIDENTAL_ATTENTION
INTERMITTENT,UNKNOWN,STABLE,FAR,CLEAR,PASS,CONTINUE,PASS_GESTURE
INTERMITTENT,UNKNOWN,STABLE,FAR,CONFLICT,UNKNOWN,YIELD,HUMAN_PATH_CONFLICT
INTERMITTENT,UNKNOWN,STABLE,FAR,CONFLICT,PASS,YIELD,HUMAN_PATH_CONFLICT
INTERMITTENT,UNKNOWN,STABLE,UNKNOWN,UNKNOWN,UNKNOWN,NOT_READY,DISTANCE_UNKNOWN
INTERMITTENT,UNKNOWN,STABLE,UNKNOWN,UNKNOWN,PASS,NOT_READY,DISTANCE_UNKNOWN
INTERMITTENT,UNKNOWN,STABLE,UNKNOWN,CLEAR,UNKNOWN,NOT_READY,DISTANCE_UNKNOWN
INTERMITTENT,UNKNOWN,STABLE,UNKNOWN,CLEAR,PASS,NOT_READY,DISTANCE_UNKNOWN
INTERMITTENT,UNKNOWN,STABLE,UNKNOWN,CONFLICT,UNKNOWN,YIELD,HUMAN_PATH_CONFLICT
INTERMITTENT,UNKNOWN,STABLE,UNKNOWN,CONFLICT,PASS,YIELD,HUMAN_PATH_CONFLICT
INTERMITTENT,UNKNOWN,DECREASING,TOO_CLOSE,UNKNOWN,UNKNOWN,NOT_READY,PERSON_TOO_CLOSE
INTERMITTENT,UNKNOWN,DECREASING,TOO_CLOSE,UNKNOWN,PASS,NOT_READY,PERSON_TOO_CLOSE
INTERMITTENT,UNKNOWN,DECREASING,TOO_CLOSE,CLEAR,UNKNOWN,NOT_READY,PERSON_TOO_CLOSE
INTERMITTENT,UNKNOWN,DECREASING,TOO_CLOSE,CLEAR,PASS,NOT_READY,PERSON_TOO_CLOSE
INTERMITTENT,UNKNOWN,DECREASING,TOO_CLOSE,CONFLICT,UNKNOWN,YIELD,HUMAN_PATH_CONFLICT
INTERMITTENT,UNKNOWN,DECREASING,TOO_CLOSE,CONFLICT,PASS,YIELD,HUMAN_PATH_CONFLICT
INTERMITTENT,UNKNOWN,DECREASING,INTERACTION_RANGE,UNKNOWN,UNKNOWN,CONTINUE,INCIDENTAL_ATTENTION
INTERMITTENT,UNKNOWN,DECREASING,INTERACTION_RANGE,UNKNOWN,PASS,CONTINUE,PASS_GESTURE
INTERMITTENT,UNKNOWN,DECREASING,INTERACTION_RANGE,CLEAR,UNKNOWN,CONTINUE,INCIDENTAL_ATTENTION
INTERMITTENT,UNKNOWN,DECREASING,INTERACTION_RANGE,CLEAR,PASS,CONTINUE,PASS_GESTURE
INTERMITTENT,UNKNOWN,DECREASING,INTERACTION_RANGE,CONFLICT,UNKNOWN,YIELD,HUMAN_PATH_CONFLICT
INTERMITTENT,UNKNOWN,DECREASING,INTERACTION_RANGE,CONFLICT,PASS,YIELD,HUMAN_PATH_CONFLICT
INTERMITTENT,UNKNOWN,DECREASING,APPROACHABLE,UNKNOWN,UNKNOWN,CONTINUE,INCIDENTAL_ATTENTION
INTERMITTENT,UNKNOWN,DECREASING,APPROACHABLE,UNKNOWN,PASS,CONTINUE,PASS_GESTURE
INTERMITTENT,UNKNOWN,DECREASING,APPROACHABLE,CLEAR,UNKNOWN,CONTINUE,INCIDENTAL_ATTENTION
INTERMITTENT,UNKNOWN,DECREASING,APPROACHABLE,CLEAR,PASS,CONTINUE,PASS_GESTURE
INTERMITTENT,UNKNOWN,DECREASING,APPROACHABLE,CONFLICT,UNKNOWN,YIELD,HUMAN_PATH_CONFLICT
INTERMITTENT,UNKNOWN,DECREASING,APPROACHABLE,CONFLICT,PASS,YIELD,HUMAN_PATH_CONFLICT
INTERMITTENT,UNKNOWN,DECREASING,FAR,UNKNOWN,UNKNOWN,CONTINUE,INCIDENTAL_ATTENTION
INTERMITTENT,UNKNOWN,DECREASING,FAR,UNKNOWN,PASS,CONTINUE,PASS_GESTURE
INTERMITTENT,UNKNOWN,DECREASING,FAR,CLEAR,UNKNOWN,CONTINUE,INCIDENTAL_ATTENTION
INTERMITTENT,UNKNOWN,DECREASING,FAR,CLEAR,PASS,CONTINUE,PASS_GESTURE
INTERMITTENT,UNKNOWN,DECREASING,FAR,CONFLICT,UNKNOWN,YIELD,HUMAN_PATH_CONFLICT
INTERMITTENT,UNKNOWN,DECREASING,FAR,CONFLICT,PASS,YIELD,HUMAN_PATH_CONFLICT
INTERMITTENT,UNKNOWN,DECREASING,UNKNOWN,UNKNOWN,UNKNOWN,NOT_READY,DISTANCE_UNKNOWN
INTERMITTENT,UNKNOWN,DECREASING,UNKNOWN,UNKNOWN,PASS,NOT_READY,DISTANCE_UNKNOWN
INTERMITTENT,UNKNOWN,DECREASING,UNKNOWN,CLEAR,UNKNOWN,NOT_READY,DISTANCE_UNKNOWN
INTERMITTENT,UNKNOWN,DECREASING,UNKNOWN,CLEAR,PASS,NOT_READY,DISTANCE_UNKNOWN
INTERMITTENT,UNKNOWN,DECREASING,UNKNOWN,CONFLICT,UNKNOWN,YIELD,HUMAN_PATH_CONFLICT
INTERMITTENT,UNKNOWN,DECREASING,UNKNOWN,CONFLICT,PASS,YIELD,HUMAN_PATH_CONFLICT
INTERMITTENT,UNKNOWN,INCREASING,TOO_CLOSE,UNKNOWN,UNKNOWN,NOT_READY,PERSON_TOO_CLOSE
INTERMITTENT,UNKNOWN,INCREASING,TOO_CLOSE,UNKNOWN,PASS,NOT_READY,PERSON_TOO_CLOSE
INTERMITTENT,UNKNOWN,INCREASING,TOO_CLOSE,CLEAR,UNKNOWN,NOT_READY,PERSON_TOO_CLOSE
INTERMITTENT,UNKNOWN,INCREASING,TOO_CLOSE,CLEAR,PASS,NOT_READY,PERSON_TOO_CLOSE
INTERMITTENT,UNKNOWN,INCREASING,TOO_CLOSE,CONFLICT,UNKNOWN,YIELD,HUMAN_PATH_CONFLICT
INTERMITTENT,UNKNOWN,INCREASING,TOO_CLOSE,CONFLICT,PASS,YIELD,HUMAN_PATH_CONFLICT
INTERMITTENT,UNKNOWN,INCREASING,INTERACTION_RANGE,UNKNOWN,UNKNOWN,CONTINUE,INCIDENTAL_ATTENTION
INTERMITTENT,UNKNOWN,INCREASING,INTERACTION_RANGE,UNKNOWN,PASS,CONTINUE,PASS_GESTURE
INTERMITTENT,UNKNOWN,INCREASING,INTERACTION_RANGE,CLEAR,UNKNOWN,CONTINUE,INCIDENTAL_ATTENTION
INTERMITTENT,UNKNOWN,INCREASING,INTERACTION_RANGE,CLEAR,PASS,CONTINUE,PASS_GESTURE
INTERMITTENT,UNKNOWN,INCREASING,INTERACTION_RANGE,CONFLICT,UNKNOWN,YIELD,HUMAN_PATH_CONFLICT
INTERMITTENT,UNKNOWN,INCREASING,INTERACTION_RANGE,CONFLICT,PASS,YIELD,HUMAN_PATH_CONFLICT
INTERMITTENT,UNKNOWN,INCREASING,APPROACHABLE,UNKNOWN,UNKNOWN,CONTINUE,INCIDENTAL_ATTENTION
INTERMITTENT,UNKNOWN,INCREASING,APPROACHABLE,UNKNOWN,PASS,CONTINUE,PASS_GESTURE
INTERMITTENT,UNKNOWN,INCREASING,APPROACHABLE,CLEAR,UNKNOWN,CONTINUE,INCIDENTAL_ATTENTION
INTERMITTENT,UNKNOWN,INCREASING,APPROACHABLE,CLEAR,PASS,CONTINUE,PASS_GESTURE
INTERMITTENT,UNKNOWN,INCREASING,APPROACHABLE,CONFLICT,UNKNOWN,YIELD,HUMAN_PATH_CONFLICT
INTERMITTENT,UNKNOWN,INCREASING,APPROACHABLE,CONFLICT,PASS,YIELD,HUMAN_PATH_CONFLICT
INTERMITTENT,UNKNOWN,INCREASING,FAR,UNKNOWN,UNKNOWN,CONTINUE,INCIDENTAL_ATTENTION
INTERMITTENT,UNKNOWN,INCREASING,FAR,UNKNOWN,PASS,CONTINUE,PASS_GESTURE
INTERMITTENT,UNKNOWN,INCREASING,FAR,CLEAR,UNKNOWN,CONTINUE,INCIDENTAL_ATTENTION
INTERMITTENT,UNKNOWN,INCREASING,FAR,CLEAR,PASS,CONTINUE,PASS_GESTURE
INTERMITTENT,UNKNOWN,INCREASING,FAR,CONFLICT,UNKNOWN,YIELD,HUMAN_PATH_CONFLICT
INTERMITTENT,UNKNOWN,INCREASING,FAR,CONFLICT,PASS,YIELD,HUMAN_PATH_CONFLICT
INTERMITTENT,UNKNOWN,INCREASING,UNKNOWN,UNKNOWN,UNKNOWN,NOT_READY,DISTANCE_UNKNOWN
INTERMITTENT,UNKNOWN,INCREASING,UNKNOWN,UNKNOWN,PASS,NOT_READY,DISTANCE_UNKNOWN
INTERMITTENT,UNKNOWN,INCREASING,UNKNOWN,CLEAR,UNKNOWN,NOT_READY,DISTANCE_UNKNOWN
INTERMITTENT,UNKNOWN,INCREASING,UNKNOWN,CLEAR,PASS,NOT_READY,DISTANCE_UNKNOWN
INTERMITTENT,UNKNOWN,INCREASING,UNKNOWN,CONFLICT,UNKNOWN,YIELD,HUMAN_PATH_CONFLICT
INTERMITTENT,UNKNOWN,INCREASING,UNKNOWN,CONFLICT,PASS,YIELD,HUMAN_PATH_CONFLICT
SUSTAINED,TOWARD,DECREASING,TOO_CLOSE,UNKNOWN,UNKNOWN,NOT_READY,PERSON_TOO_CLOSE
SUSTAINED,TOWARD,DECREASING,TOO_CLOSE,UNKNOWN,PASS,NOT_READY,PERSON_TOO_CLOSE
SUSTAINED,TOWARD,DECREASING,TOO_CLOSE,CLEAR,UNKNOWN,NOT_READY,PERSON_TOO_CLOSE
SUSTAINED,TOWARD,DECREASING,TOO_CLOSE,CLEAR,PASS,NOT_READY,PERSON_TOO_CLOSE
SUSTAINED,TOWARD,DECREASING,TOO_CLOSE,CONFLICT,UNKNOWN,YIELD,HUMAN_PATH_CONFLICT
SUSTAINED,TOWARD,DECREASING,TOO_CLOSE,CONFLICT,PASS,YIELD,HUMAN_PATH_CONFLICT
SUSTAINED,TOWARD,DECREASING,INTERACTION_RANGE,UNKNOWN,UNKNOWN,ENGAGE,SUSTAINED_GAZE_IN_INTERACTION_RANGE
SUSTAINED,TOWARD,DECREASING,INTERACTION_RANGE,UNKNOWN,PASS,CONTINUE,PASS_GESTURE
SUSTAINED,TOWARD,DECREASING,INTERACTION_RANGE,CLEAR,UNKNOWN,ENGAGE,SUSTAINED_GAZE_IN_INTERACTION_RANGE
SUSTAINED,TOWARD,DECREASING,INTERACTION_RANGE,CLEAR,PASS,CONTINUE,PASS_GESTURE
SUSTAINED,TOWARD,DECREASING,INTERACTION_RANGE,CONFLICT,UNKNOWN,YIELD,HUMAN_PATH_CONFLICT
SUSTAINED,TOWARD,DECREASING,INTERACTION_RANGE,CONFLICT,PASS,YIELD,HUMAN_PATH_CONFLICT
SUSTAINED,TOWARD,DECREASING,APPROACHABLE,UNKNOWN,UNKNOWN,APPROACH,SUSTAINED_GAZE_IN_APPROACHABLE_RANGE
SUSTAINED,TOWARD,DECREASING,APPROACHABLE,UNKNOWN,PASS,CONTINUE,PASS_GESTURE
SUSTAINED,TOWARD,DECREASING,APPROACHABLE,CLEAR,UNKNOWN,APPROACH,SUSTAINED_GAZE_IN_APPROACHABLE_RANGE
SUSTAINED,TOWARD,DECREASING,APPROACHABLE,CLEAR,PASS,CONTINUE,PASS_GESTURE
SUSTAINED,TOWARD,DECREASING,APPROACHABLE,CONFLICT,UNKNOWN,YIELD,HUMAN_PATH_CONFLICT
SUSTAINED,TOWARD,DECREASING,APPROACHABLE,CONFLICT,PASS,YIELD,HUMAN_PATH_CONFLICT
SUSTAINED,TOWARD,DECREASING,FAR,UNKNOWN,UNKNOWN,CONTINUE,PERSON_FAR
SUSTAINED,TOWARD,DECREASING,FAR,UNKNOWN,PASS,CONTINUE,PASS_GESTURE
SUSTAINED,TOWARD,DECREASING,FAR,CLEAR,UNKNOWN,CONTINUE,PERSON_FAR
SUSTAINED,TOWARD,DECREASING,FAR,CLEAR,PASS,CONTINUE,PASS_GESTURE
SUSTAINED,TOWARD,DECREASING,FAR,CONFLICT,UNKNOWN,YIELD,HUMAN_PATH_CONFLICT
SUSTAINED,TOWARD,DECREASING,FAR,CONFLICT,PASS,YIELD,HUMAN_PATH_CONFLICT
SUSTAINED,TOWARD,DECREASING,UNKNOWN,UNKNOWN,UNKNOWN,NOT_READY,DISTANCE_UNKNOWN
SUSTAINED,TOWARD,DECREASING,UNKNOWN,UNKNOWN,PASS,NOT_READY,DISTANCE_UNKNOWN
SUSTAINED,TOWARD,DECREASING,UNKNOWN,CLEAR,UNKNOWN,NOT_READY,DISTANCE_UNKNOWN
SUSTAINED,TOWARD,DECREASING,UNKNOWN,CLEAR,PASS,NOT_READY,DISTANCE_UNKNOWN
SUSTAINED,TOWARD,DECREASING,UNKNOWN,CONFLICT,UNKNOWN,YIELD,HUMAN_PATH_CONFLICT
SUSTAINED,TOWARD,DECREASING,UNKNOWN,CONFLICT,PASS,YIELD,HUMAN_PATH_CONFLICT
SUSTAINED,STATIONARY,STABLE,TOO_CLOSE,UNKNOWN,UNKNOWN,NOT_READY,PERSON_TOO_CLOSE
SUSTAINED,STATIONARY,STABLE,TOO_CLOSE,UNKNOWN,PASS,NOT_READY,PERSON_TOO_CLOSE
SUSTAINED,STATIONARY,STABLE,TOO_CLOSE,CLEAR,UNKNOWN,NOT_READY,PERSON_TOO_CLOSE
SUSTAINED,STATIONARY,STABLE,TOO_CLOSE,CLEAR,PASS,NOT_READY,PERSON_TOO_CLOSE
SUSTAINED,STATIONARY,STABLE,TOO_CLOSE,CONFLICT,UNKNOWN,YIELD,HUMAN_PATH_CONFLICT
SUSTAINED,STATIONARY,STABLE,TOO_CLOSE,CONFLICT,PASS,YIELD,HUMAN_PATH_CONFLICT
SUSTAINED,STATIONARY,STABLE,INTERACTION_RANGE,UNKNOWN,UNKNOWN,ENGAGE,SUSTAINED_GAZE_IN_INTERACTION_RANGE
SUSTAINED,STATIONARY,STABLE,INTERACTION_RANGE,UNKNOWN,PASS,CONTINUE,PASS_GESTURE
SUSTAINED,STATIONARY,STABLE,INTERACTION_RANGE,CLEAR,UNKNOWN,ENGAGE,SUSTAINED_GAZE_IN_INTERACTION_RANGE
SUSTAINED,STATIONARY,STABLE,INTERACTION_RANGE,CLEAR,PASS,CONTINUE,PASS_GESTURE
SUSTAINED,STATIONARY,STABLE,INTERACTION_RANGE,CONFLICT,UNKNOWN,YIELD,HUMAN_PATH_CONFLICT
SUSTAINED,STATIONARY,STABLE,INTERACTION_RANGE,CONFLICT,PASS,YIELD,HUMAN_PATH_CONFLICT
SUSTAINED,STATIONARY,STABLE,APPROACHABLE,UNKNOWN,UNKNOWN,APPROACH,SUSTAINED_GAZE_IN_APPROACHABLE_RANGE
SUSTAINED,STATIONARY,STABLE,APPROACHABLE,UNKNOWN,PASS,CONTINUE,PASS_GESTURE
SUSTAINED,STATIONARY,STABLE,APPROACHABLE,CLEAR,UNKNOWN,APPROACH,SUSTAINED_GAZE_IN_APPROACHABLE_RANGE
SUSTAINED,STATIONARY,STABLE,APPROACHABLE,CLEAR,PASS,CONTINUE,PASS_GESTURE
SUSTAINED,STATIONARY,STABLE,APPROACHABLE,CONFLICT,UNKNOWN,YIELD,HUMAN_PATH_CONFLICT
SUSTAINED,STATIONARY,STABLE,APPROACHABLE,CONFLICT,PASS,YIELD,HUMAN_PATH_CONFLICT
SUSTAINED,STATIONARY,STABLE,FAR,UNKNOWN,UNKNOWN,CONTINUE,PERSON_FAR
SUSTAINED,STATIONARY,STABLE,FAR,UNKNOWN,PASS,CONTINUE,PASS_GESTURE
SUSTAINED,STATIONARY,STABLE,FAR,CLEAR,UNKNOWN,CONTINUE,PERSON_FAR
SUSTAINED,STATIONARY,STABLE,FAR,CLEAR,PASS,CONTINUE,PASS_GESTURE
SUSTAINED,STATIONARY,STABLE,FAR,CONFLICT,UNKNOWN,YIELD,HUMAN_PATH_CONFLICT
SUSTAINED,STATIONARY,STABLE,FAR,CONFLICT,PASS,YIELD,HUMAN_PATH_CONFLICT
SUSTAINED,STATIONARY,STABLE,UNKNOWN,UNKNOWN,UNKNOWN,NOT_READY,DISTANCE_UNKNOWN
SUSTAINED,STATIONARY,STABLE,UNKNOWN,UNKNOWN,PASS,NOT_READY,DISTANCE_UNKNOWN
SUSTAINED,STATIONARY,STABLE,UNKNOWN,CLEAR,UNKNOWN,NOT_READY,DISTANCE_UNKNOWN
SUSTAINED,STATIONARY,STABLE,UNKNOWN,CLEAR,PASS,NOT_READY,DISTANCE_UNKNOWN
SUSTAINED,STATIONARY,STABLE,UNKNOWN,CONFLICT,UNKNOWN,YIELD,HUMAN_PATH_CONFLICT
SUSTAINED,STATIONARY,STABLE,UNKNOWN,CONFLICT,PASS,YIELD,HUMAN_PATH_CONFLICT
SUSTAINED,AWAY,INCREASING,TOO_CLOSE,UNKNOWN,UNKNOWN,NOT_READY,PERSON_TOO_CLOSE
SUSTAINED,AWAY,INCREASING,TOO_CLOSE,UNKNOWN,PASS,NOT_READY,PERSON_TOO_CLOSE
SUSTAINED,AWAY,INCREASING,TOO_CLOSE,CLEAR,UNKNOWN,NOT_READY,PERSON_TOO_CLOSE
SUSTAINED,AWAY,INCREASING,TOO_CLOSE,CLEAR,PASS,NOT_READY,PERSON_TOO_CLOSE
SUSTAINED,AWAY,INCREASING,TOO_CLOSE,CONFLICT,UNKNOWN,YIELD,HUMAN_PATH_CONFLICT
SUSTAINED,AWAY,INCREASING,TOO_CLOSE,CONFLICT,PASS,YIELD,HUMAN_PATH_CONFLICT
SUSTAINED,AWAY,INCREASING,INTERACTION_RANGE,UNKNOWN,UNKNOWN,CONTINUE,PERSON_MOVING_AWAY
SUSTAINED,AWAY,INCREASING,INTERACTION_RANGE,UNKNOWN,PASS,CONTINUE,PASS_GESTURE
SUSTAINED,AWAY,INCREASING,INTERACTION_RANGE,CLEAR,UNKNOWN,CONTINUE,PERSON_MOVING_AWAY
SUSTAINED,AWAY,INCREASING,INTERACTION_RANGE,CLEAR,PASS,CONTINUE,PASS_GESTURE
SUSTAINED,AWAY,INCREASING,INTERACTION_RANGE,CONFLICT,UNKNOWN,YIELD,HUMAN_PATH_CONFLICT
SUSTAINED,AWAY,INCREASING,INTERACTION_RANGE,CONFLICT,PASS,YIELD,HUMAN_PATH_CONFLICT
SUSTAINED,AWAY,INCREASING,APPROACHABLE,UNKNOWN,UNKNOWN,CONTINUE,PERSON_MOVING_AWAY
SUSTAINED,AWAY,INCREASING,APPROACHABLE,UNKNOWN,PASS,CONTINUE,PASS_GESTURE
SUSTAINED,AWAY,INCREASING,APPROACHABLE,CLEAR,UNKNOWN,CONTINUE,PERSON_MOVING_AWAY
SUSTAINED,AWAY,INCREASING,APPROACHABLE,CLEAR,PASS,CONTINUE,PASS_GESTURE
SUSTAINED,AWAY,INCREASING,APPROACHABLE,CONFLICT,UNKNOWN,YIELD,HUMAN_PATH_CONFLICT
SUSTAINED,AWAY,INCREASING,APPROACHABLE,CONFLICT,PASS,YIELD,HUMAN_PATH_CONFLICT
SUSTAINED,AWAY,INCREASING,FAR,UNKNOWN,UNKNOWN,CONTINUE,PERSON_MOVING_AWAY
SUSTAINED,AWAY,INCREASING,FAR,UNKNOWN,PASS,CONTINUE,PASS_GESTURE
SUSTAINED,AWAY,INCREASING,FAR,CLEAR,UNKNOWN,CONTINUE,PERSON_MOVING_AWAY
SUSTAINED,AWAY,INCREASING,FAR,CLEAR,PASS,CONTINUE,PASS_GESTURE
SUSTAINED,AWAY,INCREASING,FAR,CONFLICT,UNKNOWN,YIELD,HUMAN_PATH_CONFLICT
SUSTAINED,AWAY,INCREASING,FAR,CONFLICT,PASS,YIELD,HUMAN_PATH_CONFLICT
SUSTAINED,AWAY,INCREASING,UNKNOWN,UNKNOWN,UNKNOWN,NOT_READY,DISTANCE_UNKNOWN
SUSTAINED,AWAY,INCREASING,UNKNOWN,UNKNOWN,PASS,NOT_READY,DISTANCE_UNKNOWN
SUSTAINED,AWAY,INCREASING,UNKNOWN,CLEAR,UNKNOWN,NOT_READY,DISTANCE_UNKNOWN
SUSTAINED,AWAY,INCREASING,UNKNOWN,CLEAR,PASS,NOT_READY,DISTANCE_UNKNOWN
SUSTAINED,AWAY,INCREASING,UNKNOWN,CONFLICT,UNKNOWN,YIELD,HUMAN_PATH_CONFLICT
SUSTAINED,AWAY,INCREASING,UNKNOWN,CONFLICT,PASS,YIELD,HUMAN_PATH_CONFLICT
SUSTAINED,UNKNOWN,UNKNOWN,TOO_CLOSE,UNKNOWN,UNKNOWN,NOT_READY,PERSON_TOO_CLOSE
SUSTAINED,UNKNOWN,UNKNOWN,TOO_CLOSE,UNKNOWN,PASS,NOT_READY,PERSON_TOO_CLOSE
SUSTAINED,UNKNOWN,UNKNOWN,TOO_CLOSE,CLEAR,UNKNOWN,NOT_READY,PERSON_TOO_CLOSE
SUSTAINED,UNKNOWN,UNKNOWN,TOO_CLOSE,CLEAR,PASS,NOT_READY,PERSON_TOO_CLOSE
SUSTAINED,UNKNOWN,UNKNOWN,TOO_CLOSE,CONFLICT,UNKNOWN,YIELD,HUMAN_PATH_CONFLICT
SUSTAINED,UNKNOWN,UNKNOWN,TOO_CLOSE,CONFLICT,PASS,YIELD,HUMAN_PATH_CONFLICT
SUSTAINED,UNKNOWN,UNKNOWN,INTERACTION_RANGE,UNKNOWN,UNKNOWN,ENGAGE,SUSTAINED_GAZE_IN_INTERACTION_RANGE
SUSTAINED,UNKNOWN,UNKNOWN,INTERACTION_RANGE,UNKNOWN,PASS,CONTINUE,PASS_GESTURE
SUSTAINED,UNKNOWN,UNKNOWN,INTERACTION_RANGE,CLEAR,UNKNOWN,ENGAGE,SUSTAINED_GAZE_IN_INTERACTION_RANGE
SUSTAINED,UNKNOWN,UNKNOWN,INTERACTION_RANGE,CLEAR,PASS,CONTINUE,PASS_GESTURE
SUSTAINED,UNKNOWN,UNKNOWN,INTERACTION_RANGE,CONFLICT,UNKNOWN,YIELD,HUMAN_PATH_CONFLICT
SUSTAINED,UNKNOWN,UNKNOWN,INTERACTION_RANGE,CONFLICT,PASS,YIELD,HUMAN_PATH_CONFLICT
SUSTAINED,UNKNOWN,UNKNOWN,APPROACHABLE,UNKNOWN,UNKNOWN,APPROACH,SUSTAINED_GAZE_IN_APPROACHABLE_RANGE
SUSTAINED,UNKNOWN,UNKNOWN,APPROACHABLE,UNKNOWN,PASS,CONTINUE,PASS_GESTURE
SUSTAINED,UNKNOWN,UNKNOWN,APPROACHABLE,CLEAR,UNKNOWN,APPROACH,SUSTAINED_GAZE_IN_APPROACHABLE_RANGE
SUSTAINED,UNKNOWN,UNKNOWN,APPROACHABLE,CLEAR,PASS,CONTINUE,PASS_GESTURE
SUSTAINED,UNKNOWN,UNKNOWN,APPROACHABLE,CONFLICT,UNKNOWN,YIELD,HUMAN_PATH_CONFLICT
SUSTAINED,UNKNOWN,UNKNOWN,APPROACHABLE,CONFLICT,PASS,YIELD,HUMAN_PATH_CONFLICT
SUSTAINED,UNKNOWN,UNKNOWN,FAR,UNKNOWN,UNKNOWN,CONTINUE,PERSON_FAR
SUSTAINED,UNKNOWN,UNKNOWN,FAR,UNKNOWN,PASS,CONTINUE,PASS_GESTURE
SUSTAINED,UNKNOWN,UNKNOWN,FAR,CLEAR,UNKNOWN,CONTINUE,PERSON_FAR
SUSTAINED,UNKNOWN,UNKNOWN,FAR,CLEAR,PASS,CONTINUE,PASS_GESTURE
SUSTAINED,UNKNOWN,UNKNOWN,FAR,CONFLICT,UNKNOWN,YIELD,HUMAN_PATH_CONFLICT
SUSTAINED,UNKNOWN,UNKNOWN,FAR,CONFLICT,PASS,YIELD,HUMAN_PATH_CONFLICT
SUSTAINED,UNKNOWN,UNKNOWN,UNKNOWN,UNKNOWN,UNKNOWN,NOT_READY,DISTANCE_UNKNOWN
SUSTAINED,UNKNOWN,UNKNOWN,UNKNOWN,UNKNOWN,PASS,NOT_READY,DISTANCE_UNKNOWN
SUSTAINED,UNKNOWN,UNKNOWN,UNKNOWN,CLEAR,UNKNOWN,NOT_READY,DISTANCE_UNKNOWN
SUSTAINED,UNKNOWN,UNKNOWN,UNKNOWN,CLEAR,PASS,NOT_READY,DISTANCE_UNKNOWN
SUSTAINED,UNKNOWN,UNKNOWN,UNKNOWN,CONFLICT,UNKNOWN,YIELD,HUMAN_PATH_CONFLICT
SUSTAINED,UNKNOWN,UNKNOWN,UNKNOWN,CONFLICT,PASS,YIELD,HUMAN_PATH_CONFLICT
SUSTAINED,UNKNOWN,STABLE,TOO_CLOSE,UNKNOWN,UNKNOWN,NOT_READY,PERSON_TOO_CLOSE
SUSTAINED,UNKNOWN,STABLE,TOO_CLOSE,UNKNOWN,PASS,NOT_READY,PERSON_TOO_CLOSE
SUSTAINED,UNKNOWN,STABLE,TOO_CLOSE,CLEAR,UNKNOWN,NOT_READY,PERSON_TOO_CLOSE
SUSTAINED,UNKNOWN,STABLE,TOO_CLOSE,CLEAR,PASS,NOT_READY,PERSON_TOO_CLOSE
SUSTAINED,UNKNOWN,STABLE,TOO_CLOSE,CONFLICT,UNKNOWN,YIELD,HUMAN_PATH_CONFLICT
SUSTAINED,UNKNOWN,STABLE,TOO_CLOSE,CONFLICT,PASS,YIELD,HUMAN_PATH_CONFLICT
SUSTAINED,UNKNOWN,STABLE,INTERACTION_RANGE,UNKNOWN,UNKNOWN,ENGAGE,SUSTAINED_GAZE_IN_INTERACTION_RANGE
SUSTAINED,UNKNOWN,STABLE,INTERACTION_RANGE,UNKNOWN,PASS,CONTINUE,PASS_GESTURE
SUSTAINED,UNKNOWN,STABLE,INTERACTION_RANGE,CLEAR,UNKNOWN,ENGAGE,SUSTAINED_GAZE_IN_INTERACTION_RANGE
SUSTAINED,UNKNOWN,STABLE,INTERACTION_RANGE,CLEAR,PASS,CONTINUE,PASS_GESTURE
SUSTAINED,UNKNOWN,STABLE,INTERACTION_RANGE,CONFLICT,UNKNOWN,YIELD,HUMAN_PATH_CONFLICT
SUSTAINED,UNKNOWN,STABLE,INTERACTION_RANGE,CONFLICT,PASS,YIELD,HUMAN_PATH_CONFLICT
SUSTAINED,UNKNOWN,STABLE,APPROACHABLE,UNKNOWN,UNKNOWN,APPROACH,SUSTAINED_GAZE_IN_APPROACHABLE_RANGE
SUSTAINED,UNKNOWN,STABLE,APPROACHABLE,UNKNOWN,PASS,CONTINUE,PASS_GESTURE
SUSTAINED,UNKNOWN,STABLE,APPROACHABLE,CLEAR,UNKNOWN,APPROACH,SUSTAINED_GAZE_IN_APPROACHABLE_RANGE
SUSTAINED,UNKNOWN,STABLE,APPROACHABLE,CLEAR,PASS,CONTINUE,PASS_GESTURE
SUSTAINED,UNKNOWN,STABLE,APPROACHABLE,CONFLICT,UNKNOWN,YIELD,HUMAN_PATH_CONFLICT
SUSTAINED,UNKNOWN,STABLE,APPROACHABLE,CONFLICT,PASS,YIELD,HUMAN_PATH_CONFLICT
SUSTAINED,UNKNOWN,STABLE,FAR,UNKNOWN,UNKNOWN,CONTINUE,PERSON_FAR
SUSTAINED,UNKNOWN,STABLE,FAR,UNKNOWN,PASS,CONTINUE,PASS_GESTURE
SUSTAINED,UNKNOWN,STABLE,FAR,CLEAR,UNKNOWN,CONTINUE,PERSON_FAR
SUSTAINED,UNKNOWN,STABLE,FAR,CLEAR,PASS,CONTINUE,PASS_GESTURE
SUSTAINED,UNKNOWN,STABLE,FAR,CONFLICT,UNKNOWN,YIELD,HUMAN_PATH_CONFLICT
SUSTAINED,UNKNOWN,STABLE,FAR,CONFLICT,PASS,YIELD,HUMAN_PATH_CONFLICT
SUSTAINED,UNKNOWN,STABLE,UNKNOWN,UNKNOWN,UNKNOWN,NOT_READY,DISTANCE_UNKNOWN
SUSTAINED,UNKNOWN,STABLE,UNKNOWN,UNKNOWN,PASS,NOT_READY,DISTANCE_UNKNOWN
SUSTAINED,UNKNOWN,STABLE,UNKNOWN,CLEAR,UNKNOWN,NOT_READY,DISTANCE_UNKNOWN
SUSTAINED,UNKNOWN,STABLE,UNKNOWN,CLEAR,PASS,NOT_READY,DISTANCE_UNKNOWN
SUSTAINED,UNKNOWN,STABLE,UNKNOWN,CONFLICT,UNKNOWN,YIELD,HUMAN_PATH_CONFLICT
SUSTAINED,UNKNOWN,STABLE,UNKNOWN,CONFLICT,PASS,YIELD,HUMAN_PATH_CONFLICT
SUSTAINED,UNKNOWN,DECREASING,TOO_CLOSE,UNKNOWN,UNKNOWN,NOT_READY,PERSON_TOO_CLOSE
SUSTAINED,UNKNOWN,DECREASING,TOO_CLOSE,UNKNOWN,PASS,NOT_READY,PERSON_TOO_CLOSE
SUSTAINED,UNKNOWN,DECREASING,TOO_CLOSE,CLEAR,UNKNOWN,NOT_READY,PERSON_TOO_CLOSE
SUSTAINED,UNKNOWN,DECREASING,TOO_CLOSE,CLEAR,PASS,NOT_READY,PERSON_TOO_CLOSE
SUSTAINED,UNKNOWN,DECREASING,TOO_CLOSE,CONFLICT,UNKNOWN,YIELD,HUMAN_PATH_CONFLICT
SUSTAINED,UNKNOWN,DECREASING,TOO_CLOSE,CONFLICT,PASS,YIELD,HUMAN_PATH_CONFLICT
SUSTAINED,UNKNOWN,DECREASING,INTERACTION_RANGE,UNKNOWN,UNKNOWN,ENGAGE,SUSTAINED_GAZE_IN_INTERACTION_RANGE
SUSTAINED,UNKNOWN,DECREASING,INTERACTION_RANGE,UNKNOWN,PASS,CONTINUE,PASS_GESTURE
SUSTAINED,UNKNOWN,DECREASING,INTERACTION_RANGE,CLEAR,UNKNOWN,ENGAGE,SUSTAINED_GAZE_IN_INTERACTION_RANGE
SUSTAINED,UNKNOWN,DECREASING,INTERACTION_RANGE,CLEAR,PASS,CONTINUE,PASS_GESTURE
SUSTAINED,UNKNOWN,DECREASING,INTERACTION_RANGE,CONFLICT,UNKNOWN,YIELD,HUMAN_PATH_CONFLICT
SUSTAINED,UNKNOWN,DECREASING,INTERACTION_RANGE,CONFLICT,PASS,YIELD,HUMAN_PATH_CONFLICT
SUSTAINED,UNKNOWN,DECREASING,APPROACHABLE,UNKNOWN,UNKNOWN,APPROACH,SUSTAINED_GAZE_IN_APPROACHABLE_RANGE
SUSTAINED,UNKNOWN,DECREASING,APPROACHABLE,UNKNOWN,PASS,CONTINUE,PASS_GESTURE
SUSTAINED,UNKNOWN,DECREASING,APPROACHABLE,CLEAR,UNKNOWN,APPROACH,SUSTAINED_GAZE_IN_APPROACHABLE_RANGE
SUSTAINED,UNKNOWN,DECREASING,APPROACHABLE,CLEAR,PASS,CONTINUE,PASS_GESTURE
SUSTAINED,UNKNOWN,DECREASING,APPROACHABLE,CONFLICT,UNKNOWN,YIELD,HUMAN_PATH_CONFLICT
SUSTAINED,UNKNOWN,DECREASING,APPROACHABLE,CONFLICT,PASS,YIELD,HUMAN_PATH_CONFLICT
SUSTAINED,UNKNOWN,DECREASING,FAR,UNKNOWN,UNKNOWN,CONTINUE,PERSON_FAR
SUSTAINED,UNKNOWN,DECREASING,FAR,UNKNOWN,PASS,CONTINUE,PASS_GESTURE
SUSTAINED,UNKNOWN,DECREASING,FAR,CLEAR,UNKNOWN,CONTINUE,PERSON_FAR
SUSTAINED,UNKNOWN,DECREASING,FAR,CLEAR,PASS,CONTINUE,PASS_GESTURE
SUSTAINED,UNKNOWN,DECREASING,FAR,CONFLICT,UNKNOWN,YIELD,HUMAN_PATH_CONFLICT
SUSTAINED,UNKNOWN,DECREASING,FAR,CONFLICT,PASS,YIELD,HUMAN_PATH_CONFLICT
SUSTAINED,UNKNOWN,DECREASING,UNKNOWN,UNKNOWN,UNKNOWN,NOT_READY,DISTANCE_UNKNOWN
SUSTAINED,UNKNOWN,DECREASING,UNKNOWN,UNKNOWN,PASS,NOT_READY,DISTANCE_UNKNOWN
SUSTAINED,UNKNOWN,DECREASING,UNKNOWN,CLEAR,UNKNOWN,NOT_READY,DISTANCE_UNKNOWN
SUSTAINED,UNKNOWN,DECREASING,UNKNOWN,CLEAR,PASS,NOT_READY,DISTANCE_UNKNOWN
SUSTAINED,UNKNOWN,DECREASING,UNKNOWN,CONFLICT,UNKNOWN,YIELD,HUMAN_PATH_CONFLICT
SUSTAINED,UNKNOWN,DECREASING,UNKNOWN,CONFLICT,PASS,YIELD,HUMAN_PATH_CONFLICT
SUSTAINED,UNKNOWN,INCREASING,TOO_CLOSE,UNKNOWN,UNKNOWN,NOT_READY,PERSON_TOO_CLOSE
SUSTAINED,UNKNOWN,INCREASING,TOO_CLOSE,UNKNOWN,PASS,NOT_READY,PERSON_TOO_CLOSE
SUSTAINED,UNKNOWN,INCREASING,TOO_CLOSE,CLEAR,UNKNOWN,NOT_READY,PERSON_TOO_CLOSE
SUSTAINED,UNKNOWN,INCREASING,TOO_CLOSE,CLEAR,PASS,NOT_READY,PERSON_TOO_CLOSE
SUSTAINED,UNKNOWN,INCREASING,TOO_CLOSE,CONFLICT,UNKNOWN,YIELD,HUMAN_PATH_CONFLICT
SUSTAINED,UNKNOWN,INCREASING,TOO_CLOSE,CONFLICT,PASS,YIELD,HUMAN_PATH_CONFLICT
SUSTAINED,UNKNOWN,INCREASING,INTERACTION_RANGE,UNKNOWN,UNKNOWN,CONTINUE,RELATIVE_SEPARATION_INCREASING
SUSTAINED,UNKNOWN,INCREASING,INTERACTION_RANGE,UNKNOWN,PASS,CONTINUE,PASS_GESTURE
SUSTAINED,UNKNOWN,INCREASING,INTERACTION_RANGE,CLEAR,UNKNOWN,CONTINUE,RELATIVE_SEPARATION_INCREASING
SUSTAINED,UNKNOWN,INCREASING,INTERACTION_RANGE,CLEAR,PASS,CONTINUE,PASS_GESTURE
SUSTAINED,UNKNOWN,INCREASING,INTERACTION_RANGE,CONFLICT,UNKNOWN,YIELD,HUMAN_PATH_CONFLICT
SUSTAINED,UNKNOWN,INCREASING,INTERACTION_RANGE,CONFLICT,PASS,YIELD,HUMAN_PATH_CONFLICT
SUSTAINED,UNKNOWN,INCREASING,APPROACHABLE,UNKNOWN,UNKNOWN,CONTINUE,RELATIVE_SEPARATION_INCREASING
SUSTAINED,UNKNOWN,INCREASING,APPROACHABLE,UNKNOWN,PASS,CONTINUE,PASS_GESTURE
SUSTAINED,UNKNOWN,INCREASING,APPROACHABLE,CLEAR,UNKNOWN,CONTINUE,RELATIVE_SEPARATION_INCREASING
SUSTAINED,UNKNOWN,INCREASING,APPROACHABLE,CLEAR,PASS,CONTINUE,PASS_GESTURE
SUSTAINED,UNKNOWN,INCREASING,APPROACHABLE,CONFLICT,UNKNOWN,YIELD,HUMAN_PATH_CONFLICT
SUSTAINED,UNKNOWN,INCREASING,APPROACHABLE,CONFLICT,PASS,YIELD,HUMAN_PATH_CONFLICT
SUSTAINED,UNKNOWN,INCREASING,FAR,UNKNOWN,UNKNOWN,CONTINUE,PERSON_FAR
SUSTAINED,UNKNOWN,INCREASING,FAR,UNKNOWN,PASS,CONTINUE,PASS_GESTURE
SUSTAINED,UNKNOWN,INCREASING,FAR,CLEAR,UNKNOWN,CONTINUE,PERSON_FAR
SUSTAINED,UNKNOWN,INCREASING,FAR,CLEAR,PASS,CONTINUE,PASS_GESTURE
SUSTAINED,UNKNOWN,INCREASING,FAR,CONFLICT,UNKNOWN,YIELD,HUMAN_PATH_CONFLICT
SUSTAINED,UNKNOWN,INCREASING,FAR,CONFLICT,PASS,YIELD,HUMAN_PATH_CONFLICT
SUSTAINED,UNKNOWN,INCREASING,UNKNOWN,UNKNOWN,UNKNOWN,NOT_READY,DISTANCE_UNKNOWN
SUSTAINED,UNKNOWN,INCREASING,UNKNOWN,UNKNOWN,PASS,NOT_READY,DISTANCE_UNKNOWN
SUSTAINED,UNKNOWN,INCREASING,UNKNOWN,CLEAR,UNKNOWN,NOT_READY,DISTANCE_UNKNOWN
SUSTAINED,UNKNOWN,INCREASING,UNKNOWN,CLEAR,PASS,NOT_READY,DISTANCE_UNKNOWN
SUSTAINED,UNKNOWN,INCREASING,UNKNOWN,CONFLICT,UNKNOWN,YIELD,HUMAN_PATH_CONFLICT
SUSTAINED,UNKNOWN,INCREASING,UNKNOWN,CONFLICT,PASS,YIELD,HUMAN_PATH_CONFLICT
UNKNOWN,TOWARD,DECREASING,TOO_CLOSE,UNKNOWN,UNKNOWN,NOT_READY,PERSON_TOO_CLOSE
UNKNOWN,TOWARD,DECREASING,TOO_CLOSE,UNKNOWN,PASS,NOT_READY,PERSON_TOO_CLOSE
UNKNOWN,TOWARD,DECREASING,TOO_CLOSE,CLEAR,UNKNOWN,NOT_READY,PERSON_TOO_CLOSE
UNKNOWN,TOWARD,DECREASING,TOO_CLOSE,CLEAR,PASS,NOT_READY,PERSON_TOO_CLOSE
UNKNOWN,TOWARD,DECREASING,TOO_CLOSE,CONFLICT,UNKNOWN,YIELD,HUMAN_PATH_CONFLICT
UNKNOWN,TOWARD,DECREASING,TOO_CLOSE,CONFLICT,PASS,YIELD,HUMAN_PATH_CONFLICT
UNKNOWN,TOWARD,DECREASING,INTERACTION_RANGE,UNKNOWN,UNKNOWN,NOT_READY,GAZE_NOT_READY
UNKNOWN,TOWARD,DECREASING,INTERACTION_RANGE,UNKNOWN,PASS,NOT_READY,GAZE_NOT_READY
UNKNOWN,TOWARD,DECREASING,INTERACTION_RANGE,CLEAR,UNKNOWN,NOT_READY,GAZE_NOT_READY
UNKNOWN,TOWARD,DECREASING,INTERACTION_RANGE,CLEAR,PASS,NOT_READY,GAZE_NOT_READY
UNKNOWN,TOWARD,DECREASING,INTERACTION_RANGE,CONFLICT,UNKNOWN,YIELD,HUMAN_PATH_CONFLICT
UNKNOWN,TOWARD,DECREASING,INTERACTION_RANGE,CONFLICT,PASS,YIELD,HUMAN_PATH_CONFLICT
UNKNOWN,TOWARD,DECREASING,APPROACHABLE,UNKNOWN,UNKNOWN,NOT_READY,GAZE_NOT_READY
UNKNOWN,TOWARD,DECREASING,APPROACHABLE,UNKNOWN,PASS,NOT_READY,GAZE_NOT_READY
UNKNOWN,TOWARD,DECREASING,APPROACHABLE,CLEAR,UNKNOWN,NOT_READY,GAZE_NOT_READY
UNKNOWN,TOWARD,DECREASING,APPROACHABLE,CLEAR,PASS,NOT_READY,GAZE_NOT_READY
UNKNOWN,TOWARD,DECREASING,APPROACHABLE,CONFLICT,UNKNOWN,YIELD,HUMAN_PATH_CONFLICT
UNKNOWN,TOWARD,DECREASING,APPROACHABLE,CONFLICT,PASS,YIELD,HUMAN_PATH_CONFLICT
UNKNOWN,TOWARD,DECREASING,FAR,UNKNOWN,UNKNOWN,NOT_READY,GAZE_NOT_READY
UNKNOWN,TOWARD,DECREASING,FAR,UNKNOWN,PASS,NOT_READY,GAZE_NOT_READY
UNKNOWN,TOWARD,DECREASING,FAR,CLEAR,UNKNOWN,NOT_READY,GAZE_NOT_READY
UNKNOWN,TOWARD,DECREASING,FAR,CLEAR,PASS,NOT_READY,GAZE_NOT_READY
UNKNOWN,TOWARD,DECREASING,FAR,CONFLICT,UNKNOWN,YIELD,HUMAN_PATH_CONFLICT
UNKNOWN,TOWARD,DECREASING,FAR,CONFLICT,PASS,YIELD,HUMAN_PATH_CONFLICT
UNKNOWN,TOWARD,DECREASING,UNKNOWN,UNKNOWN,UNKNOWN,NOT_READY,DISTANCE_UNKNOWN
UNKNOWN,TOWARD,DECREASING,UNKNOWN,UNKNOWN,PASS,NOT_READY,DISTANCE_UNKNOWN
UNKNOWN,TOWARD,DECREASING,UNKNOWN,CLEAR,UNKNOWN,NOT_READY,DISTANCE_UNKNOWN
UNKNOWN,TOWARD,DECREASING,UNKNOWN,CLEAR,PASS,NOT_READY,DISTANCE_UNKNOWN
UNKNOWN,TOWARD,DECREASING,UNKNOWN,CONFLICT,UNKNOWN,YIELD,HUMAN_PATH_CONFLICT
UNKNOWN,TOWARD,DECREASING,UNKNOWN,CONFLICT,PASS,YIELD,HUMAN_PATH_CONFLICT
UNKNOWN,STATIONARY,STABLE,TOO_CLOSE,UNKNOWN,UNKNOWN,NOT_READY,PERSON_TOO_CLOSE
UNKNOWN,STATIONARY,STABLE,TOO_CLOSE,UNKNOWN,PASS,NOT_READY,PERSON_TOO_CLOSE
UNKNOWN,STATIONARY,STABLE,TOO_CLOSE,CLEAR,UNKNOWN,NOT_READY,PERSON_TOO_CLOSE
UNKNOWN,STATIONARY,STABLE,TOO_CLOSE,CLEAR,PASS,NOT_READY,PERSON_TOO_CLOSE
UNKNOWN,STATIONARY,STABLE,TOO_CLOSE,CONFLICT,UNKNOWN,YIELD,HUMAN_PATH_CONFLICT
UNKNOWN,STATIONARY,STABLE,TOO_CLOSE,CONFLICT,PASS,YIELD,HUMAN_PATH_CONFLICT
UNKNOWN,STATIONARY,STABLE,INTERACTION_RANGE,UNKNOWN,UNKNOWN,NOT_READY,GAZE_NOT_READY
UNKNOWN,STATIONARY,STABLE,INTERACTION_RANGE,UNKNOWN,PASS,NOT_READY,GAZE_NOT_READY
UNKNOWN,STATIONARY,STABLE,INTERACTION_RANGE,CLEAR,UNKNOWN,NOT_READY,GAZE_NOT_READY
UNKNOWN,STATIONARY,STABLE,INTERACTION_RANGE,CLEAR,PASS,NOT_READY,GAZE_NOT_READY
UNKNOWN,STATIONARY,STABLE,INTERACTION_RANGE,CONFLICT,UNKNOWN,YIELD,HUMAN_PATH_CONFLICT
UNKNOWN,STATIONARY,STABLE,INTERACTION_RANGE,CONFLICT,PASS,YIELD,HUMAN_PATH_CONFLICT
UNKNOWN,STATIONARY,STABLE,APPROACHABLE,UNKNOWN,UNKNOWN,NOT_READY,GAZE_NOT_READY
UNKNOWN,STATIONARY,STABLE,APPROACHABLE,UNKNOWN,PASS,NOT_READY,GAZE_NOT_READY
UNKNOWN,STATIONARY,STABLE,APPROACHABLE,CLEAR,UNKNOWN,NOT_READY,GAZE_NOT_READY
UNKNOWN,STATIONARY,STABLE,APPROACHABLE,CLEAR,PASS,NOT_READY,GAZE_NOT_READY
UNKNOWN,STATIONARY,STABLE,APPROACHABLE,CONFLICT,UNKNOWN,YIELD,HUMAN_PATH_CONFLICT
UNKNOWN,STATIONARY,STABLE,APPROACHABLE,CONFLICT,PASS,YIELD,HUMAN_PATH_CONFLICT
UNKNOWN,STATIONARY,STABLE,FAR,UNKNOWN,UNKNOWN,NOT_READY,GAZE_NOT_READY
UNKNOWN,STATIONARY,STABLE,FAR,UNKNOWN,PASS,NOT_READY,GAZE_NOT_READY
UNKNOWN,STATIONARY,STABLE,FAR,CLEAR,UNKNOWN,NOT_READY,GAZE_NOT_READY
UNKNOWN,STATIONARY,STABLE,FAR,CLEAR,PASS,NOT_READY,GAZE_NOT_READY
UNKNOWN,STATIONARY,STABLE,FAR,CONFLICT,UNKNOWN,YIELD,HUMAN_PATH_CONFLICT
UNKNOWN,STATIONARY,STABLE,FAR,CONFLICT,PASS,YIELD,HUMAN_PATH_CONFLICT
UNKNOWN,STATIONARY,STABLE,UNKNOWN,UNKNOWN,UNKNOWN,NOT_READY,DISTANCE_UNKNOWN
UNKNOWN,STATIONARY,STABLE,UNKNOWN,UNKNOWN,PASS,NOT_READY,DISTANCE_UNKNOWN
UNKNOWN,STATIONARY,STABLE,UNKNOWN,CLEAR,UNKNOWN,NOT_READY,DISTANCE_UNKNOWN
UNKNOWN,STATIONARY,STABLE,UNKNOWN,CLEAR,PASS,NOT_READY,DISTANCE_UNKNOWN
UNKNOWN,STATIONARY,STABLE,UNKNOWN,CONFLICT,UNKNOWN,YIELD,HUMAN_PATH_CONFLICT
UNKNOWN,STATIONARY,STABLE,UNKNOWN,CONFLICT,PASS,YIELD,HUMAN_PATH_CONFLICT
UNKNOWN,AWAY,INCREASING,TOO_CLOSE,UNKNOWN,UNKNOWN,NOT_READY,PERSON_TOO_CLOSE
UNKNOWN,AWAY,INCREASING,TOO_CLOSE,UNKNOWN,PASS,NOT_READY,PERSON_TOO_CLOSE
UNKNOWN,AWAY,INCREASING,TOO_CLOSE,CLEAR,UNKNOWN,NOT_READY,PERSON_TOO_CLOSE
UNKNOWN,AWAY,INCREASING,TOO_CLOSE,CLEAR,PASS,NOT_READY,PERSON_TOO_CLOSE
UNKNOWN,AWAY,INCREASING,TOO_CLOSE,CONFLICT,UNKNOWN,YIELD,HUMAN_PATH_CONFLICT
UNKNOWN,AWAY,INCREASING,TOO_CLOSE,CONFLICT,PASS,YIELD,HUMAN_PATH_CONFLICT
UNKNOWN,AWAY,INCREASING,INTERACTION_RANGE,UNKNOWN,UNKNOWN,NOT_READY,GAZE_NOT_READY
UNKNOWN,AWAY,INCREASING,INTERACTION_RANGE,UNKNOWN,PASS,NOT_READY,GAZE_NOT_READY
UNKNOWN,AWAY,INCREASING,INTERACTION_RANGE,CLEAR,UNKNOWN,NOT_READY,GAZE_NOT_READY
UNKNOWN,AWAY,INCREASING,INTERACTION_RANGE,CLEAR,PASS,NOT_READY,GAZE_NOT_READY
UNKNOWN,AWAY,INCREASING,INTERACTION_RANGE,CONFLICT,UNKNOWN,YIELD,HUMAN_PATH_CONFLICT
UNKNOWN,AWAY,INCREASING,INTERACTION_RANGE,CONFLICT,PASS,YIELD,HUMAN_PATH_CONFLICT
UNKNOWN,AWAY,INCREASING,APPROACHABLE,UNKNOWN,UNKNOWN,NOT_READY,GAZE_NOT_READY
UNKNOWN,AWAY,INCREASING,APPROACHABLE,UNKNOWN,PASS,NOT_READY,GAZE_NOT_READY
UNKNOWN,AWAY,INCREASING,APPROACHABLE,CLEAR,UNKNOWN,NOT_READY,GAZE_NOT_READY
UNKNOWN,AWAY,INCREASING,APPROACHABLE,CLEAR,PASS,NOT_READY,GAZE_NOT_READY
UNKNOWN,AWAY,INCREASING,APPROACHABLE,CONFLICT,UNKNOWN,YIELD,HUMAN_PATH_CONFLICT
UNKNOWN,AWAY,INCREASING,APPROACHABLE,CONFLICT,PASS,YIELD,HUMAN_PATH_CONFLICT
UNKNOWN,AWAY,INCREASING,FAR,UNKNOWN,UNKNOWN,NOT_READY,GAZE_NOT_READY
UNKNOWN,AWAY,INCREASING,FAR,UNKNOWN,PASS,NOT_READY,GAZE_NOT_READY
UNKNOWN,AWAY,INCREASING,FAR,CLEAR,UNKNOWN,NOT_READY,GAZE_NOT_READY
UNKNOWN,AWAY,INCREASING,FAR,CLEAR,PASS,NOT_READY,GAZE_NOT_READY
UNKNOWN,AWAY,INCREASING,FAR,CONFLICT,UNKNOWN,YIELD,HUMAN_PATH_CONFLICT
UNKNOWN,AWAY,INCREASING,FAR,CONFLICT,PASS,YIELD,HUMAN_PATH_CONFLICT
UNKNOWN,AWAY,INCREASING,UNKNOWN,UNKNOWN,UNKNOWN,NOT_READY,DISTANCE_UNKNOWN
UNKNOWN,AWAY,INCREASING,UNKNOWN,UNKNOWN,PASS,NOT_READY,DISTANCE_UNKNOWN
UNKNOWN,AWAY,INCREASING,UNKNOWN,CLEAR,UNKNOWN,NOT_READY,DISTANCE_UNKNOWN
UNKNOWN,AWAY,INCREASING,UNKNOWN,CLEAR,PASS,NOT_READY,DISTANCE_UNKNOWN
UNKNOWN,AWAY,INCREASING,UNKNOWN,CONFLICT,UNKNOWN,YIELD,HUMAN_PATH_CONFLICT
UNKNOWN,AWAY,INCREASING,UNKNOWN,CONFLICT,PASS,YIELD,HUMAN_PATH_CONFLICT
UNKNOWN,UNKNOWN,UNKNOWN,TOO_CLOSE,UNKNOWN,UNKNOWN,NOT_READY,PERSON_TOO_CLOSE
UNKNOWN,UNKNOWN,UNKNOWN,TOO_CLOSE,UNKNOWN,PASS,NOT_READY,PERSON_TOO_CLOSE
UNKNOWN,UNKNOWN,UNKNOWN,TOO_CLOSE,CLEAR,UNKNOWN,NOT_READY,PERSON_TOO_CLOSE
UNKNOWN,UNKNOWN,UNKNOWN,TOO_CLOSE,CLEAR,PASS,NOT_READY,PERSON_TOO_CLOSE
UNKNOWN,UNKNOWN,UNKNOWN,TOO_CLOSE,CONFLICT,UNKNOWN,YIELD,HUMAN_PATH_CONFLICT
UNKNOWN,UNKNOWN,UNKNOWN,TOO_CLOSE,CONFLICT,PASS,YIELD,HUMAN_PATH_CONFLICT
UNKNOWN,UNKNOWN,UNKNOWN,INTERACTION_RANGE,UNKNOWN,UNKNOWN,NOT_READY,GAZE_NOT_READY
UNKNOWN,UNKNOWN,UNKNOWN,INTERACTION_RANGE,UNKNOWN,PASS,NOT_READY,GAZE_NOT_READY
UNKNOWN,UNKNOWN,UNKNOWN,INTERACTION_RANGE,CLEAR,UNKNOWN,NOT_READY,GAZE_NOT_READY
UNKNOWN,UNKNOWN,UNKNOWN,INTERACTION_RANGE,CLEAR,PASS,NOT_READY,GAZE_NOT_READY
UNKNOWN,UNKNOWN,UNKNOWN,INTERACTION_RANGE,CONFLICT,UNKNOWN,YIELD,HUMAN_PATH_CONFLICT
UNKNOWN,UNKNOWN,UNKNOWN,INTERACTION_RANGE,CONFLICT,PASS,YIELD,HUMAN_PATH_CONFLICT
UNKNOWN,UNKNOWN,UNKNOWN,APPROACHABLE,UNKNOWN,UNKNOWN,NOT_READY,GAZE_NOT_READY
UNKNOWN,UNKNOWN,UNKNOWN,APPROACHABLE,UNKNOWN,PASS,NOT_READY,GAZE_NOT_READY
UNKNOWN,UNKNOWN,UNKNOWN,APPROACHABLE,CLEAR,UNKNOWN,NOT_READY,GAZE_NOT_READY
UNKNOWN,UNKNOWN,UNKNOWN,APPROACHABLE,CLEAR,PASS,NOT_READY,GAZE_NOT_READY
UNKNOWN,UNKNOWN,UNKNOWN,APPROACHABLE,CONFLICT,UNKNOWN,YIELD,HUMAN_PATH_CONFLICT
UNKNOWN,UNKNOWN,UNKNOWN,APPROACHABLE,CONFLICT,PASS,YIELD,HUMAN_PATH_CONFLICT
UNKNOWN,UNKNOWN,UNKNOWN,FAR,UNKNOWN,UNKNOWN,NOT_READY,GAZE_NOT_READY
UNKNOWN,UNKNOWN,UNKNOWN,FAR,UNKNOWN,PASS,NOT_READY,GAZE_NOT_READY
UNKNOWN,UNKNOWN,UNKNOWN,FAR,CLEAR,UNKNOWN,NOT_READY,GAZE_NOT_READY
UNKNOWN,UNKNOWN,UNKNOWN,FAR,CLEAR,PASS,NOT_READY,GAZE_NOT_READY
UNKNOWN,UNKNOWN,UNKNOWN,FAR,CONFLICT,UNKNOWN,YIELD,HUMAN_PATH_CONFLICT
UNKNOWN,UNKNOWN,UNKNOWN,FAR,CONFLICT,PASS,YIELD,HUMAN_PATH_CONFLICT
UNKNOWN,UNKNOWN,UNKNOWN,UNKNOWN,UNKNOWN,UNKNOWN,NOT_READY,DISTANCE_UNKNOWN
UNKNOWN,UNKNOWN,UNKNOWN,UNKNOWN,UNKNOWN,PASS,NOT_READY,DISTANCE_UNKNOWN
UNKNOWN,UNKNOWN,UNKNOWN,UNKNOWN,CLEAR,UNKNOWN,NOT_READY,DISTANCE_UNKNOWN
UNKNOWN,UNKNOWN,UNKNOWN,UNKNOWN,CLEAR,PASS,NOT_READY,DISTANCE_UNKNOWN
UNKNOWN,UNKNOWN,UNKNOWN,UNKNOWN,CONFLICT,UNKNOWN,YIELD,HUMAN_PATH_CONFLICT
UNKNOWN,UNKNOWN,UNKNOWN,UNKNOWN,CONFLICT,PASS,YIELD,HUMAN_PATH_CONFLICT
UNKNOWN,UNKNOWN,STABLE,TOO_CLOSE,UNKNOWN,UNKNOWN,NOT_READY,PERSON_TOO_CLOSE
UNKNOWN,UNKNOWN,STABLE,TOO_CLOSE,UNKNOWN,PASS,NOT_READY,PERSON_TOO_CLOSE
UNKNOWN,UNKNOWN,STABLE,TOO_CLOSE,CLEAR,UNKNOWN,NOT_READY,PERSON_TOO_CLOSE
UNKNOWN,UNKNOWN,STABLE,TOO_CLOSE,CLEAR,PASS,NOT_READY,PERSON_TOO_CLOSE
UNKNOWN,UNKNOWN,STABLE,TOO_CLOSE,CONFLICT,UNKNOWN,YIELD,HUMAN_PATH_CONFLICT
UNKNOWN,UNKNOWN,STABLE,TOO_CLOSE,CONFLICT,PASS,YIELD,HUMAN_PATH_CONFLICT
UNKNOWN,UNKNOWN,STABLE,INTERACTION_RANGE,UNKNOWN,UNKNOWN,NOT_READY,GAZE_NOT_READY
UNKNOWN,UNKNOWN,STABLE,INTERACTION_RANGE,UNKNOWN,PASS,NOT_READY,GAZE_NOT_READY
UNKNOWN,UNKNOWN,STABLE,INTERACTION_RANGE,CLEAR,UNKNOWN,NOT_READY,GAZE_NOT_READY
UNKNOWN,UNKNOWN,STABLE,INTERACTION_RANGE,CLEAR,PASS,NOT_READY,GAZE_NOT_READY
UNKNOWN,UNKNOWN,STABLE,INTERACTION_RANGE,CONFLICT,UNKNOWN,YIELD,HUMAN_PATH_CONFLICT
UNKNOWN,UNKNOWN,STABLE,INTERACTION_RANGE,CONFLICT,PASS,YIELD,HUMAN_PATH_CONFLICT
UNKNOWN,UNKNOWN,STABLE,APPROACHABLE,UNKNOWN,UNKNOWN,NOT_READY,GAZE_NOT_READY
UNKNOWN,UNKNOWN,STABLE,APPROACHABLE,UNKNOWN,PASS,NOT_READY,GAZE_NOT_READY
UNKNOWN,UNKNOWN,STABLE,APPROACHABLE,CLEAR,UNKNOWN,NOT_READY,GAZE_NOT_READY
UNKNOWN,UNKNOWN,STABLE,APPROACHABLE,CLEAR,PASS,NOT_READY,GAZE_NOT_READY
UNKNOWN,UNKNOWN,STABLE,APPROACHABLE,CONFLICT,UNKNOWN,YIELD,HUMAN_PATH_CONFLICT
UNKNOWN,UNKNOWN,STABLE,APPROACHABLE,CONFLICT,PASS,YIELD,HUMAN_PATH_CONFLICT
UNKNOWN,UNKNOWN,STABLE,FAR,UNKNOWN,UNKNOWN,NOT_READY,GAZE_NOT_READY
UNKNOWN,UNKNOWN,STABLE,FAR,UNKNOWN,PASS,NOT_READY,GAZE_NOT_READY
UNKNOWN,UNKNOWN,STABLE,FAR,CLEAR,UNKNOWN,NOT_READY,GAZE_NOT_READY
UNKNOWN,UNKNOWN,STABLE,FAR,CLEAR,PASS,NOT_READY,GAZE_NOT_READY
UNKNOWN,UNKNOWN,STABLE,FAR,CONFLICT,UNKNOWN,YIELD,HUMAN_PATH_CONFLICT
UNKNOWN,UNKNOWN,STABLE,FAR,CONFLICT,PASS,YIELD,HUMAN_PATH_CONFLICT
UNKNOWN,UNKNOWN,STABLE,UNKNOWN,UNKNOWN,UNKNOWN,NOT_READY,DISTANCE_UNKNOWN
UNKNOWN,UNKNOWN,STABLE,UNKNOWN,UNKNOWN,PASS,NOT_READY,DISTANCE_UNKNOWN
UNKNOWN,UNKNOWN,STABLE,UNKNOWN,CLEAR,UNKNOWN,NOT_READY,DISTANCE_UNKNOWN
UNKNOWN,UNKNOWN,STABLE,UNKNOWN,CLEAR,PASS,NOT_READY,DISTANCE_UNKNOWN
UNKNOWN,UNKNOWN,STABLE,UNKNOWN,CONFLICT,UNKNOWN,YIELD,HUMAN_PATH_CONFLICT
UNKNOWN,UNKNOWN,STABLE,UNKNOWN,CONFLICT,PASS,YIELD,HUMAN_PATH_CONFLICT
UNKNOWN,UNKNOWN,DECREASING,TOO_CLOSE,UNKNOWN,UNKNOWN,NOT_READY,PERSON_TOO_CLOSE
UNKNOWN,UNKNOWN,DECREASING,TOO_CLOSE,UNKNOWN,PASS,NOT_READY,PERSON_TOO_CLOSE
UNKNOWN,UNKNOWN,DECREASING,TOO_CLOSE,CLEAR,UNKNOWN,NOT_READY,PERSON_TOO_CLOSE
UNKNOWN,UNKNOWN,DECREASING,TOO_CLOSE,CLEAR,PASS,NOT_READY,PERSON_TOO_CLOSE
UNKNOWN,UNKNOWN,DECREASING,TOO_CLOSE,CONFLICT,UNKNOWN,YIELD,HUMAN_PATH_CONFLICT
UNKNOWN,UNKNOWN,DECREASING,TOO_CLOSE,CONFLICT,PASS,YIELD,HUMAN_PATH_CONFLICT
UNKNOWN,UNKNOWN,DECREASING,INTERACTION_RANGE,UNKNOWN,UNKNOWN,NOT_READY,GAZE_NOT_READY
UNKNOWN,UNKNOWN,DECREASING,INTERACTION_RANGE,UNKNOWN,PASS,NOT_READY,GAZE_NOT_READY
UNKNOWN,UNKNOWN,DECREASING,INTERACTION_RANGE,CLEAR,UNKNOWN,NOT_READY,GAZE_NOT_READY
UNKNOWN,UNKNOWN,DECREASING,INTERACTION_RANGE,CLEAR,PASS,NOT_READY,GAZE_NOT_READY
UNKNOWN,UNKNOWN,DECREASING,INTERACTION_RANGE,CONFLICT,UNKNOWN,YIELD,HUMAN_PATH_CONFLICT
UNKNOWN,UNKNOWN,DECREASING,INTERACTION_RANGE,CONFLICT,PASS,YIELD,HUMAN_PATH_CONFLICT
UNKNOWN,UNKNOWN,DECREASING,APPROACHABLE,UNKNOWN,UNKNOWN,NOT_READY,GAZE_NOT_READY
UNKNOWN,UNKNOWN,DECREASING,APPROACHABLE,UNKNOWN,PASS,NOT_READY,GAZE_NOT_READY
UNKNOWN,UNKNOWN,DECREASING,APPROACHABLE,CLEAR,UNKNOWN,NOT_READY,GAZE_NOT_READY
UNKNOWN,UNKNOWN,DECREASING,APPROACHABLE,CLEAR,PASS,NOT_READY,GAZE_NOT_READY
UNKNOWN,UNKNOWN,DECREASING,APPROACHABLE,CONFLICT,UNKNOWN,YIELD,HUMAN_PATH_CONFLICT
UNKNOWN,UNKNOWN,DECREASING,APPROACHABLE,CONFLICT,PASS,YIELD,HUMAN_PATH_CONFLICT
UNKNOWN,UNKNOWN,DECREASING,FAR,UNKNOWN,UNKNOWN,NOT_READY,GAZE_NOT_READY
UNKNOWN,UNKNOWN,DECREASING,FAR,UNKNOWN,PASS,NOT_READY,GAZE_NOT_READY
UNKNOWN,UNKNOWN,DECREASING,FAR,CLEAR,UNKNOWN,NOT_READY,GAZE_NOT_READY
UNKNOWN,UNKNOWN,DECREASING,FAR,CLEAR,PASS,NOT_READY,GAZE_NOT_READY
UNKNOWN,UNKNOWN,DECREASING,FAR,CONFLICT,UNKNOWN,YIELD,HUMAN_PATH_CONFLICT
UNKNOWN,UNKNOWN,DECREASING,FAR,CONFLICT,PASS,YIELD,HUMAN_PATH_CONFLICT
UNKNOWN,UNKNOWN,DECREASING,UNKNOWN,UNKNOWN,UNKNOWN,NOT_READY,DISTANCE_UNKNOWN
UNKNOWN,UNKNOWN,DECREASING,UNKNOWN,UNKNOWN,PASS,NOT_READY,DISTANCE_UNKNOWN
UNKNOWN,UNKNOWN,DECREASING,UNKNOWN,CLEAR,UNKNOWN,NOT_READY,DISTANCE_UNKNOWN
UNKNOWN,UNKNOWN,DECREASING,UNKNOWN,CLEAR,PASS,NOT_READY,DISTANCE_UNKNOWN
UNKNOWN,UNKNOWN,DECREASING,UNKNOWN,CONFLICT,UNKNOWN,YIELD,HUMAN_PATH_CONFLICT
UNKNOWN,UNKNOWN,DECREASING,UNKNOWN,CONFLICT,PASS,YIELD,HUMAN_PATH_CONFLICT
UNKNOWN,UNKNOWN,INCREASING,TOO_CLOSE,UNKNOWN,UNKNOWN,NOT_READY,PERSON_TOO_CLOSE
UNKNOWN,UNKNOWN,INCREASING,TOO_CLOSE,UNKNOWN,PASS,NOT_READY,PERSON_TOO_CLOSE
UNKNOWN,UNKNOWN,INCREASING,TOO_CLOSE,CLEAR,UNKNOWN,NOT_READY,PERSON_TOO_CLOSE
UNKNOWN,UNKNOWN,INCREASING,TOO_CLOSE,CLEAR,PASS,NOT_READY,PERSON_TOO_CLOSE
UNKNOWN,UNKNOWN,INCREASING,TOO_CLOSE,CONFLICT,UNKNOWN,YIELD,HUMAN_PATH_CONFLICT
UNKNOWN,UNKNOWN,INCREASING,TOO_CLOSE,CONFLICT,PASS,YIELD,HUMAN_PATH_CONFLICT
UNKNOWN,UNKNOWN,INCREASING,INTERACTION_RANGE,UNKNOWN,UNKNOWN,NOT_READY,GAZE_NOT_READY
UNKNOWN,UNKNOWN,INCREASING,INTERACTION_RANGE,UNKNOWN,PASS,NOT_READY,GAZE_NOT_READY
UNKNOWN,UNKNOWN,INCREASING,INTERACTION_RANGE,CLEAR,UNKNOWN,NOT_READY,GAZE_NOT_READY
UNKNOWN,UNKNOWN,INCREASING,INTERACTION_RANGE,CLEAR,PASS,NOT_READY,GAZE_NOT_READY
UNKNOWN,UNKNOWN,INCREASING,INTERACTION_RANGE,CONFLICT,UNKNOWN,YIELD,HUMAN_PATH_CONFLICT
UNKNOWN,UNKNOWN,INCREASING,INTERACTION_RANGE,CONFLICT,PASS,YIELD,HUMAN_PATH_CONFLICT
UNKNOWN,UNKNOWN,INCREASING,APPROACHABLE,UNKNOWN,UNKNOWN,NOT_READY,GAZE_NOT_READY
UNKNOWN,UNKNOWN,INCREASING,APPROACHABLE,UNKNOWN,PASS,NOT_READY,GAZE_NOT_READY
UNKNOWN,UNKNOWN,INCREASING,APPROACHABLE,CLEAR,UNKNOWN,NOT_READY,GAZE_NOT_READY
UNKNOWN,UNKNOWN,INCREASING,APPROACHABLE,CLEAR,PASS,NOT_READY,GAZE_NOT_READY
UNKNOWN,UNKNOWN,INCREASING,APPROACHABLE,CONFLICT,UNKNOWN,YIELD,HUMAN_PATH_CONFLICT
UNKNOWN,UNKNOWN,INCREASING,APPROACHABLE,CONFLICT,PASS,YIELD,HUMAN_PATH_CONFLICT
UNKNOWN,UNKNOWN,INCREASING,FAR,UNKNOWN,UNKNOWN,NOT_READY,GAZE_NOT_READY
UNKNOWN,UNKNOWN,INCREASING,FAR,UNKNOWN,PASS,NOT_READY,GAZE_NOT_READY
UNKNOWN,UNKNOWN,INCREASING,FAR,CLEAR,UNKNOWN,NOT_READY,GAZE_NOT_READY
UNKNOWN,UNKNOWN,INCREASING,FAR,CLEAR,PASS,NOT_READY,GAZE_NOT_READY
UNKNOWN,UNKNOWN,INCREASING,FAR,CONFLICT,UNKNOWN,YIELD,HUMAN_PATH_CONFLICT
UNKNOWN,UNKNOWN,INCREASING,FAR,CONFLICT,PASS,YIELD,HUMAN_PATH_CONFLICT
UNKNOWN,UNKNOWN,INCREASING,UNKNOWN,UNKNOWN,UNKNOWN,NOT_READY,DISTANCE_UNKNOWN
UNKNOWN,UNKNOWN,INCREASING,UNKNOWN,UNKNOWN,PASS,NOT_READY,DISTANCE_UNKNOWN
UNKNOWN,UNKNOWN,INCREASING,UNKNOWN,CLEAR,UNKNOWN,NOT_READY,DISTANCE_UNKNOWN
UNKNOWN,UNKNOWN,INCREASING,UNKNOWN,CLEAR,PASS,NOT_READY,DISTANCE_UNKNOWN
UNKNOWN,UNKNOWN,INCREASING,UNKNOWN,CONFLICT,UNKNOWN,YIELD,HUMAN_PATH_CONFLICT
UNKNOWN,UNKNOWN,INCREASING,UNKNOWN,CONFLICT,PASS,YIELD,HUMAN_PATH_CONFLICT
